DateKey,PayerKey,RevenueAmount
20260109,2,42779.34
20260601,4,21142.24
20260714,4,13690.03
20250723,3,35004.62
20250827,1,17072.0
20261211,1,11700.07
20250323,1,9562.17
20250223,2,3017.93
20250305,2,32072.34
20261104,1,35026.47
20251211,1,29676.36
20250826,1,40826.06
20261107,1,43825.55
20250623,3,43128.72
20250409,3,48988.46
20251005,1,20819.46
20260216,3,40720.95
20260702,4,32443.29
20260306,1,10938.81
20261001,3,4039.53
20260303,4,12757.77
20250610,3,26464.62
20260508,1,32504.56
20251220,4,38212.5
20261016,1,48251.47
20260127,4,39865.71
20251113,4,2005.39
20250912,2,44785.14
20250509,4,1694.57
20250302,3,6777.14
20250819,3,16232.34
20250413,2,20495.91
20250929,1,19970.78
20260319,2,16039.76
20260925,4,41306.94
20250111,1,22849.43
20260524,4,4465.21
20250904,4,23487.79
20261023,2,40953.8
20260406,1,8186.63
20261130,3,3571.49
20260830,1,16439.44
20260410,2,48415.87
20260121,3,42549.83
20260129,2,34947.53
20260518,2,36462.27
20251007,2,26231.45
20251225,2,23986.31
20260326,4,25827.91
20260922,3,44415.88
20260331,1,48786.28
20250519,3,8253.21
20261205,2,13568.63
20260113,3,14949.52
20250104,3,31803.96
20250820,3,28507.17
20260227,2,9866.62
20261124,4,12465.21
20250401,3,32784.32
20250816,2,15961.66
20250613,2,40685.17
20250923,4,37326.72
20251208,2,22387.18
20250609,4,1684.12
20250209,3,23791.4
20250809,3,20795.15
20250101,3,28399.77
20260124,1,26462.49
20250210,3,10415.63
20260124,4,5681.62
20251214,4,10231.91
20250328,3,40291.59
20250120,2,31533.13
20250417,3,25749.64
20250411,2,29038.61
20250310,3,8511.47
20260130,2,32998.54
20261018,2,20299.71
20250531,4,4747.44
20251226,4,27782.39
20251202,1,7186.43
20251213,1,1149.44
20250901,2,18295.76
20250322,4,20454.15
20250702,2,9302.74
20250516,4,44305.37
20250710,1,31594.86
20250325,3,11581.92
20260612,2,36563.35
20250501,3,25389.19
20250123,4,49180.29
20250527,1,7462.77
20250319,1,32766.17
20260927,1,32272.1
20260203,2,35084.64
20260616,2,1541.32
20261110,3,46301.08
20251228,3,21235.25
20261202,2,23077.62
20260517,3,11684.8
20250914,4,46700.81
20260930,4,28435.97
20251108,1,12151.92
20260222,4,8493.37
20260219,2,41230.21
20260117,3,45631.02
20260805,1,11819.54
20250809,2,45859.82
20260528,3,35639.22
20261119,2,8229.91
20261011,2,24434.34
20250504,2,16525.44
20260911,1,24656.86
20250213,4,26909.22
20251129,4,42696.25
20251230,3,3310.78
20261209,1,23894.6
20261120,2,47284.15
20250203,3,40865.28
20261003,2,46258.53
20261105,3,20778.35
20260325,2,26240.05
20261217,1,28806.69
20250916,2,34834.0
20260216,3,46839.92
20261212,2,8462.46
20250420,2,6797.99
20260825,2,41910.75
20260726,2,2109.62
20260710,1,17519.14
20261203,2,15776.16
20260921,3,4658.65
20260805,1,43495.49
20251201,1,22002.44
20250930,2,7472.09
20260730,4,20150.31
20260913,3,43489.28
20250414,3,41887.44
20250815,1,4918.61
20260904,1,25930.08
20260505,4,27603.21
20250701,1,31008.52
20250115,4,5243.4
20260419,1,15749.95
20251111,1,21526.07
20250912,1,32207.48
20250120,1,10851.59
20260716,3,22872.36
20250506,4,34174.17
20251217,2,20160.08
20250923,2,4899.3
20260425,4,34626.21
20250329,3,21623.52
20251122,2,25314.08
20250317,3,32066.66
20260225,1,42500.07
20250517,4,581.95
20250416,2,9945.37
20260706,1,10727.14
20250907,3,19859.63
20260924,4,47950.13
20250326,3,34823.64
20250128,3,22680.78
20260915,1,48046.38
20261024,1,33325.35
20260620,1,11851.53
20261217,4,14382.81
20250922,1,4333.22
20260725,2,34246.67
20250310,1,42850.26
20250510,4,28624.69
20251016,1,20006.3
20261020,4,6328.02
20250210,3,17442.47
20251212,3,44720.5
20260623,1,44687.69
20250112,3,31094.99
20250313,3,25640.09
20260526,1,35471.98
20261010,4,31581.37
20261020,2,23412.24
20250204,1,13435.96
20260201,1,6889.96
20261225,3,1030.68
20250815,1,17615.15
20250730,2,28225.31
20250814,1,23271.29
20260707,1,4968.48
20251014,3,27132.92
20251016,1,3122.85
20260708,3,12526.27
20260519,2,13773.86
20261125,3,5880.21
20250713,4,24756.11
20260409,1,43633.88
20250926,3,35107.03
20250611,4,42046.67
20250201,3,36098.44
20260217,1,13840.66
20250729,1,4875.68
20260511,1,29135.82
20260522,3,44787.89
20250613,1,44103.86
20261110,1,47944.05
20261223,2,34958.78
20250112,3,46609.38
20250416,3,30596.72
20250712,3,1063.18
20250329,3,35163.22
20260427,3,1160.12
20260902,3,8653.86
20250114,3,42409.46
20250810,3,48579.45
20250224,2,15915.76
20250412,4,25455.9
20251225,2,35679.07
20260516,4,39986.45
20250624,1,37364.66
20250930,3,32156.12
20250903,2,21667.21
20260224,3,27831.39
20261130,2,11325.86
20261002,4,41948.6
20260624,4,38211.83
20250327,2,33647.05
20261114,2,28893.23
20250311,1,3002.56
20260811,3,3517.09
20261029,1,40910.17
20250627,2,46432.79
20261214,4,6219.84
20250425,3,4866.28
20251210,4,43919.73
20250903,2,47994.1
20250422,2,10436.98
20260331,4,39147.24
20260620,1,48907.14
20260717,3,29085.11
20250105,3,33017.52
20261126,1,15895.06
20250409,3,25892.59
20250516,2,41574.68
20251211,3,22818.75
20250402,1,34197.14
20250726,2,42755.24
20250401,4,1371.57
20260122,4,9661.86
20260521,4,929.26
20250821,1,7679.44
20250925,1,29732.13
20260609,1,13940.11
20260228,3,693.0
20250422,4,17113.08
20260315,2,32612.83
20260629,4,43619.01
20250405,3,8196.38
20250531,3,27943.19
20260507,1,30098.04
20251001,2,22624.83
20251222,4,39472.68
20261226,1,4543.76
20250724,3,1894.67
20261218,2,24052.87
20260119,1,12026.3
20250421,4,39619.01
20260109,1,29428.7
20250529,1,29998.0
20260723,3,48486.28
20250306,4,13652.1
20260521,2,6229.28
20250403,2,45337.47
20260813,2,30026.3
20260131,4,5462.86
20251004,3,37646.55
20260119,1,39540.65
20251212,1,44824.42
20260304,1,41847.48
20260927,4,42600.54
20250813,3,33719.37
20250624,4,12953.95
20250627,4,9217.4
20250101,1,43096.1
20250529,1,22441.72
20250920,3,28821.52
20260903,1,38557.99
20260831,1,6673.82
20260717,4,45755.85
20250910,4,40712.43
20250602,3,40253.59
20261109,4,18711.25
20260902,3,15694.37
20250903,2,19867.07
20261121,2,18008.53
20260520,4,21241.42
20250709,2,19663.1
20250413,2,40238.56
20250218,4,582.6
20251218,2,36644.96
20251203,3,17365.36
20250807,1,49873.08
20250210,4,36924.93
20251030,1,14588.73
20250404,1,39802.77
20260608,4,19405.31
20260622,3,2273.02
20251025,3,18768.55
20261017,1,13313.83
20250715,4,26118.51
20250712,1,18259.29
20250117,2,43819.19
20260512,3,24380.9
20250929,4,18923.66
20251116,2,39797.29
20250307,1,34783.62
20260821,4,16281.0
20260211,2,14954.97
20250303,2,38106.72
20250204,1,32460.76
20250907,2,49282.35
20250630,2,16761.7
20250304,4,28873.44
20260512,3,3328.09
20250105,3,21586.77
20261229,4,42174.87
20250423,4,34402.17
20261120,2,20756.69
20261024,1,28668.68
20260127,1,33038.73
20261022,1,33654.12
20250102,2,14027.66
20260825,3,8150.66
20250822,2,2371.17
20250904,3,13094.81
20250127,2,17684.18
20250730,1,21907.01
20250305,4,8549.33
20250715,2,47634.29
20260713,4,34428.45
20260712,3,22840.94
20261207,4,14676.23
20250703,1,37669.22
20250518,3,26096.6
20251123,1,20162.42
20260417,1,43124.89
20260603,3,5115.9
20260829,4,22959.51
20251106,1,12598.95
20260105,4,18019.33
20260914,4,45290.11
20251011,3,8714.25
20260114,1,26996.54
20250428,3,27904.03
20261112,2,11538.2
20250812,1,7299.66
20260711,4,8878.19
20251011,4,17497.26
20260313,4,5701.41
20260301,4,43140.54
20260319,3,17827.38
20260610,1,48359.79
20260819,3,49614.14
20261222,1,38636.54
20250629,3,1040.6
20250328,3,5772.6
20250513,1,24148.57
20260515,2,11887.5
20251217,2,29094.12
20260429,3,13293.35
20260504,1,28412.63
20260827,3,8233.14
20260816,3,47267.11
20250104,4,33315.17
20260107,4,24927.11
20250906,4,27396.32
20250703,3,49341.47
20250721,1,41297.55
20250301,4,11535.3
20260412,3,37375.51
20250621,4,35420.61
20250813,2,43315.62
20260304,4,24242.01
20250823,3,1185.27
20261109,4,17245.77
20260508,2,15254.03
20260208,4,10069.89
20251115,3,39895.94
20251127,4,2398.48
20250823,4,35353.96
20251106,4,13293.16
20250710,4,32953.52
20250103,4,1403.11
20251011,4,23462.73
20260113,1,31819.12
20261203,1,15539.23
20260723,1,46083.15
20250111,2,35233.77
20261028,2,26363.39
20260704,2,5426.93
20250611,4,12313.04
20251215,4,49331.28
20250903,2,35204.32
20260716,4,48226.8
20251228,2,37064.46
20260110,1,11487.27
20261011,4,4478.13
20261111,2,26943.25
20260114,1,38126.03
20251230,3,20388.03
20260805,4,45101.31
20250718,3,43837.75
20251025,4,30241.03
20250409,2,29050.96
20261108,2,49777.54
20260812,1,23665.57
20260627,4,11074.13
20250617,3,32683.84
20261114,3,34496.21
20250804,4,23894.62
20250909,4,4548.28
20260103,2,34040.35
20251028,4,44596.85
20251001,2,48526.51
20251012,4,27671.74
20260404,1,1419.23
20250706,4,24650.39
20250306,2,37752.31
20250414,1,42207.42
20260109,1,28462.35
20260418,4,43036.15
20250628,4,46900.87
20250205,1,43876.55
20261017,4,22683.36
20260318,3,44509.31
20260201,1,49009.83
20250210,4,8289.37
20260425,4,14042.97
20250608,2,41310.2
20260504,1,39182.96
20260420,2,30728.73
20250815,2,16231.46
20250525,3,33278.4
20261013,3,14642.7
20250623,1,15988.91
20260711,3,27549.52
20260406,1,33889.5
20250918,2,27717.16
20251024,2,18266.38
20261027,3,28004.13
20250620,1,26846.01
20250420,3,24387.16
20251109,2,35882.56
20250926,2,6215.49
20250312,3,36611.24
20251228,1,42964.49
20260628,3,20191.25
20250407,4,43696.42
20260829,2,28912.0
20261110,4,30205.77
20250917,1,36891.35
20250725,3,26303.28
20260904,1,10493.07
20260304,2,29733.52
20250721,1,12641.72
20260610,3,20625.86
20250405,4,25515.57
20261228,2,49718.53
20260503,2,21965.95
20250925,2,36713.93
20250205,3,29336.84
20250730,2,38359.0
20250929,4,20038.41
20251016,4,15211.98
20250201,3,41347.74
20250114,1,26845.62
20251118,1,6179.35
20260326,1,15377.18
20250705,1,1808.09
20250207,3,39805.8
20250102,4,47165.25
20260427,1,11361.32
20260209,1,16225.55
20250701,1,2199.62
20251019,4,19373.29
20250622,1,47896.65
20260904,2,15426.71
20250812,4,31294.82
20250613,3,14432.37
20260511,1,35712.07
20261215,3,41567.28
20250918,3,36355.45
20261118,4,19706.43
20261121,4,37328.69
20251025,2,24253.75
20251116,1,42737.48
20250414,2,17750.62
20250211,2,41358.69
20261205,1,33490.29
20260115,2,5018.49
20261224,2,11644.5
20260504,2,31987.54
20250402,2,20248.47
20250609,3,38774.74
20250514,4,11296.63
20250128,2,38552.49
20261111,2,12413.05
20260825,4,19806.33
20251012,1,30892.42
20260925,2,34017.21
20250421,3,47406.52
20250205,4,39844.54
20260428,4,18016.36
20261203,4,40656.71
20260309,1,8013.95
20260414,2,45618.57
20250225,3,17544.22
20250402,2,25669.53
20260927,2,46639.02
20250214,3,31352.07
20251211,2,39159.74
20261102,1,33040.57
20260927,1,8548.89
20260330,4,19777.44
20250827,1,18773.59
20261201,4,4123.01
20260830,1,39134.47
20250723,3,20412.27
20251127,4,45954.24
20250802,3,37350.89
20260517,2,19774.99
20250618,2,1986.9
20260815,4,46210.51
20250930,3,3521.14
20250409,2,20576.82
20260323,4,11522.51
20250404,2,49205.6
20261025,1,44056.17
20260602,3,13837.4
20250418,3,9947.71
20250502,3,3488.32
20260412,1,1449.73
20251002,1,7204.39
20250524,4,22625.57
20250303,4,21769.63
20250314,4,34257.54
20260505,4,4719.71
20260513,3,6520.25
20261001,2,27997.37
20250131,4,4352.04
20261217,3,16462.15
20250530,2,46589.41
20250909,2,10214.16
20250325,4,20480.64
20251117,1,25073.01
20251219,2,31484.6
20261014,4,39588.58
20250519,2,16384.05
20260826,2,28053.71
20260317,3,5136.62
20250204,3,16280.48
20250901,3,18714.01
20260912,1,18445.74
20260925,4,32447.49
20251011,2,39757.42
20260403,1,31807.88
20251118,3,35363.9
20261220,4,3116.16
20250828,4,31902.69
20261004,1,6111.03
20260410,2,39366.83
20261014,4,11735.03
20250228,3,9556.46
20260213,1,28396.03
20250913,4,22692.84
20261109,1,11374.68
20261020,1,2035.56
20250607,4,2073.47
20260217,1,22543.57
20251028,3,16559.02
20260314,4,2772.03
20250915,4,44498.62
20260408,3,5825.73
20250307,1,14374.66
20250813,3,40837.73
20260225,2,34869.46
20250411,2,31290.86
20261021,2,37925.68
20260606,3,28726.11
20260223,1,21128.94
20251220,3,49125.85
20250930,3,4328.36
20250619,2,7103.65
20260427,3,46557.73
20250409,3,19777.05
20250527,4,31782.43
20250617,3,15058.4
20261106,3,21131.46
20250520,2,25518.18
20260731,4,48209.3
20260912,1,35616.13
20260730,3,37963.49
20250806,3,45583.54
20250103,1,8143.53
20260610,2,4142.39
20260915,2,30818.51
20250614,1,49123.25
20260620,1,896.18
20260312,4,44776.01
20261224,1,13305.81
20250915,3,15770.91
20250208,1,26301.07
20250411,1,17421.22
20250421,4,20943.99
20260620,4,11192.52
20250523,3,30245.4
20250629,3,20822.79
20260703,1,42944.69
20260108,2,42732.12
20260804,1,16402.15
20250621,1,31387.92
20251017,4,38067.71
20260416,3,19884.61
20250204,4,44389.24
20250915,3,34567.02
20260726,3,43982.18
20250807,2,709.18
20260707,3,3009.78
20250720,4,29109.64
20250606,4,13884.31
20260506,1,47191.89
20260103,3,15397.92
20260903,4,3655.31
20260403,1,1560.64
20250117,2,35551.65
20250225,2,26441.37
20250113,1,8921.34
20250128,3,6072.43
20250331,2,19848.49
20260527,4,44662.85
20260405,4,31151.28
20250825,3,27725.38
20261219,4,14531.64
20260817,4,45153.33
20250903,1,40386.17
20261007,4,12110.27
20260903,4,38875.32
20250708,1,12737.55
20260220,2,34069.25
20251218,2,7034.55
20250105,1,28527.41
20250817,2,37425.05
20251015,3,1486.45
20250710,3,36144.63
20250521,1,21450.32
20260904,4,43321.69
20261122,4,35487.4
20250423,3,21137.69
20260520,4,36108.59
20260101,1,49279.05
20250616,1,40276.01
20261026,1,31833.25
20251013,4,41279.75
20250225,4,27538.28
20250731,4,41790.98
20260211,3,23677.26
20261012,3,34692.49
20250823,4,1218.24
20251006,1,29169.73
20250712,2,30952.74
20250615,4,15162.79
20261007,3,23456.49
20250515,1,12423.88
20260810,3,10078.95
20260925,2,33457.75
20260126,1,48074.61
20260630,2,39448.99
20261216,4,23143.02
20261103,2,48779.18
20250223,2,49525.92
20250908,2,30685.68
20250315,3,35874.61
20260823,4,9896.04
20260216,4,28145.31
20250206,3,10757.56
20260523,2,30409.58
20260225,2,10237.2
20250803,1,26120.71
20261002,1,30907.82
20260727,2,3234.77
20260516,1,18353.82
20260324,1,6816.67
20260129,1,23075.75
20260215,3,21161.71
20260112,4,14286.84
20261017,1,32296.75
20261004,4,49525.71
20250529,3,13852.8
20260702,4,16933.31
20250922,3,48465.3
20250710,1,11614.61
20260314,1,22651.14
