MemberKey,MemberID,Age,Gender,PlanType,State
1,M000001,51,F,Medicare Advantage,OH
2,M000002,30,F,Commercial,AZ
3,M000003,55,F,Commercial,OH
4,M000004,50,M,Medicare Advantage,CA
5,M000005,51,M,Medicaid,IL
6,M000006,28,F,Medicare Advantage,MI
7,M000007,80,M,Medicaid,IL
8,M000008,57,F,Commercial,AZ
9,M000009,76,M,Medicare Advantage,CA
10,M000010,48,M,Commercial,AZ
11,M000011,59,F,Medicaid,IL
12,M000012,37,F,Commercial,FL
13,M000013,87,F,Commercial,IL
14,M000014,80,F,Medicare Advantage,OH
15,M000015,86,M,Medicare Advantage,NY
16,M000016,46,M,Commercial,FL
17,M000017,73,M,Medicare Advantage,TX
18,M000018,75,M,Commercial,OH
19,M000019,82,F,Medicaid,IL
20,M000020,36,F,Commercial,NY
21,M000021,37,M,Medicaid,IL
22,M000022,72,F,Medicare Advantage,NY
23,M000023,24,M,Commercial,TX
24,M000024,22,F,Commercial,MI
25,M000025,76,F,Medicare Advantage,NY
26,M000026,64,F,Medicaid,MI
27,M000027,88,F,Medicare Advantage,IL
28,M000028,69,F,Medicaid,OH
29,M000029,47,F,Medicare Advantage,FL
30,M000030,45,M,Medicare Advantage,OH
31,M000031,61,M,Medicaid,FL
32,M000032,78,M,Commercial,FL
33,M000033,67,M,Medicaid,FL
34,M000034,63,F,Medicare Advantage,FL
35,M000035,78,F,Medicare Advantage,OH
36,M000036,39,F,Medicaid,AZ
37,M000037,87,F,Medicaid,AZ
38,M000038,74,F,Medicare Advantage,TX
39,M000039,27,F,Medicare Advantage,NY
40,M000040,43,F,Medicaid,FL
41,M000041,43,F,Medicare Advantage,TX
42,M000042,40,F,Medicare Advantage,AZ
43,M000043,34,M,Medicaid,NY
44,M000044,45,F,Medicaid,OH
45,M000045,44,M,Medicaid,NY
46,M000046,74,M,Medicare Advantage,TX
47,M000047,48,F,Medicare Advantage,FL
48,M000048,70,F,Medicare Advantage,AZ
49,M000049,37,F,Medicare Advantage,CA
50,M000050,58,F,Medicare Advantage,IL
51,M000051,58,M,Medicaid,FL
52,M000052,87,M,Commercial,AZ
53,M000053,51,F,Commercial,AZ
54,M000054,64,F,Medicaid,TX
55,M000055,46,F,Commercial,OH
56,M000056,47,F,Medicaid,CA
57,M000057,49,M,Medicaid,NY
58,M000058,76,F,Medicare Advantage,AZ
59,M000059,64,M,Medicaid,IL
60,M000060,62,M,Medicare Advantage,NY
61,M000061,23,M,Commercial,NY
62,M000062,75,F,Commercial,TX
63,M000063,52,M,Medicare Advantage,NY
64,M000064,66,M,Medicaid,AZ
65,M000065,52,M,Medicaid,CA
66,M000066,82,F,Medicare Advantage,OH
67,M000067,63,F,Medicaid,OH
68,M000068,86,F,Commercial,AZ
69,M000069,44,M,Medicaid,AZ
70,M000070,87,F,Medicare Advantage,CA
71,M000071,51,M,Medicare Advantage,AZ
72,M000072,73,F,Medicare Advantage,IL
73,M000073,43,F,Medicaid,OH
74,M000074,81,M,Commercial,MI
75,M000075,74,M,Commercial,CA
76,M000076,38,M,Medicare Advantage,CA
77,M000077,21,F,Commercial,FL
78,M000078,76,F,Medicaid,OH
79,M000079,42,F,Medicaid,IL
80,M000080,85,M,Medicaid,TX
81,M000081,69,F,Medicare Advantage,TX
82,M000082,49,M,Medicaid,MI
83,M000083,61,M,Medicare Advantage,IL
84,M000084,30,M,Medicare Advantage,FL
85,M000085,58,M,Medicare Advantage,IL
86,M000086,35,M,Medicare Advantage,OH
87,M000087,30,F,Medicaid,MI
88,M000088,51,M,Medicare Advantage,IL
89,M000089,37,F,Medicaid,OH
90,M000090,26,F,Medicaid,AZ
91,M000091,55,M,Medicare Advantage,AZ
92,M000092,72,F,Medicare Advantage,CA
93,M000093,53,F,Commercial,MI
94,M000094,35,M,Medicaid,IL
95,M000095,57,M,Medicaid,FL
96,M000096,24,F,Medicaid,FL
97,M000097,56,M,Medicare Advantage,CA
98,M000098,51,M,Commercial,MI
99,M000099,60,M,Commercial,NY
100,M000100,43,F,Commercial,NY
101,M000101,35,M,Medicaid,FL
102,M000102,22,F,Medicare Advantage,NY
103,M000103,29,M,Commercial,OH
104,M000104,50,M,Medicare Advantage,NY
105,M000105,60,M,Medicare Advantage,OH
106,M000106,33,M,Medicare Advantage,NY
107,M000107,51,F,Medicare Advantage,IL
108,M000108,25,F,Commercial,MI
109,M000109,46,M,Medicaid,FL
110,M000110,24,F,Medicaid,AZ
111,M000111,35,F,Commercial,FL
112,M000112,64,F,Medicare Advantage,TX
113,M000113,69,M,Medicare Advantage,AZ
114,M000114,75,M,Medicaid,OH
115,M000115,53,M,Medicare Advantage,CA
116,M000116,27,F,Commercial,OH
117,M000117,79,F,Medicare Advantage,IL
118,M000118,69,M,Commercial,MI
119,M000119,35,F,Commercial,CA
120,M000120,65,M,Medicare Advantage,OH
121,M000121,19,F,Medicaid,CA
122,M000122,57,F,Commercial,TX
123,M000123,19,M,Medicaid,MI
124,M000124,57,M,Medicaid,OH
125,M000125,50,F,Commercial,CA
126,M000126,68,F,Medicare Advantage,NY
127,M000127,24,M,Medicaid,OH
128,M000128,33,M,Medicaid,CA
129,M000129,63,M,Commercial,MI
130,M000130,38,F,Medicaid,NY
131,M000131,25,F,Commercial,CA
132,M000132,53,F,Medicare Advantage,AZ
133,M000133,89,F,Medicaid,MI
134,M000134,69,M,Medicare Advantage,IL
135,M000135,47,F,Medicaid,FL
136,M000136,34,F,Medicare Advantage,OH
137,M000137,25,F,Medicaid,IL
138,M000138,32,M,Medicaid,IL
139,M000139,34,M,Commercial,FL
140,M000140,54,M,Medicare Advantage,MI
141,M000141,27,F,Medicare Advantage,TX
142,M000142,46,M,Medicaid,AZ
143,M000143,18,M,Medicare Advantage,OH
144,M000144,87,F,Medicare Advantage,MI
145,M000145,60,F,Medicaid,OH
146,M000146,52,F,Medicare Advantage,FL
147,M000147,39,M,Medicare Advantage,OH
148,M000148,70,M,Commercial,IL
149,M000149,46,F,Commercial,MI
150,M000150,24,M,Medicare Advantage,OH
151,M000151,21,M,Medicare Advantage,FL
152,M000152,38,F,Commercial,FL
153,M000153,30,F,Medicaid,FL
154,M000154,89,F,Medicare Advantage,FL
155,M000155,41,F,Commercial,OH
156,M000156,74,F,Medicare Advantage,CA
157,M000157,46,F,Medicaid,FL
158,M000158,77,F,Medicare Advantage,CA
159,M000159,70,F,Medicaid,AZ
160,M000160,27,F,Commercial,TX
161,M000161,42,M,Medicaid,CA
162,M000162,76,M,Medicare Advantage,CA
163,M000163,86,M,Medicaid,CA
164,M000164,48,F,Medicare Advantage,IL
165,M000165,39,M,Medicaid,CA
166,M000166,21,F,Medicaid,MI
167,M000167,51,M,Medicaid,NY
168,M000168,46,F,Medicare Advantage,NY
169,M000169,87,M,Medicare Advantage,TX
170,M000170,67,M,Medicaid,MI
171,M000171,47,M,Commercial,MI
172,M000172,49,M,Medicaid,AZ
173,M000173,38,F,Commercial,OH
174,M000174,57,F,Commercial,TX
175,M000175,76,F,Commercial,FL
176,M000176,86,F,Medicaid,MI
177,M000177,46,F,Commercial,FL
178,M000178,25,M,Medicare Advantage,CA
179,M000179,83,F,Commercial,IL
180,M000180,56,F,Medicaid,NY
181,M000181,25,F,Commercial,TX
182,M000182,32,F,Medicare Advantage,AZ
183,M000183,27,F,Commercial,CA
184,M000184,71,F,Commercial,FL
185,M000185,42,F,Commercial,IL
186,M000186,45,F,Medicare Advantage,FL
187,M000187,61,M,Medicare Advantage,FL
188,M000188,78,F,Commercial,FL
189,M000189,74,F,Commercial,AZ
190,M000190,58,M,Commercial,OH
191,M000191,53,F,Medicare Advantage,TX
192,M000192,59,F,Commercial,MI
193,M000193,75,F,Medicaid,AZ
194,M000194,86,M,Commercial,MI
195,M000195,46,M,Medicare Advantage,MI
196,M000196,71,F,Medicaid,AZ
197,M000197,24,F,Medicare Advantage,TX
198,M000198,32,F,Commercial,MI
199,M000199,48,F,Medicaid,AZ
200,M000200,81,M,Medicare Advantage,MI
201,M000201,34,F,Commercial,TX
202,M000202,37,M,Medicare Advantage,IL
203,M000203,23,M,Medicaid,AZ
204,M000204,52,F,Medicare Advantage,TX
205,M000205,53,M,Medicare Advantage,IL
206,M000206,35,M,Medicare Advantage,AZ
207,M000207,28,F,Commercial,IL
208,M000208,42,F,Medicare Advantage,CA
209,M000209,60,F,Medicare Advantage,IL
210,M000210,31,F,Commercial,AZ
211,M000211,84,M,Medicaid,FL
212,M000212,66,M,Commercial,TX
213,M000213,87,F,Commercial,TX
214,M000214,89,F,Medicaid,NY
215,M000215,37,M,Commercial,CA
216,M000216,74,M,Commercial,TX
217,M000217,81,F,Commercial,FL
218,M000218,34,F,Medicare Advantage,AZ
219,M000219,55,M,Commercial,TX
220,M000220,61,M,Commercial,MI
221,M000221,52,F,Commercial,AZ
222,M000222,54,F,Medicare Advantage,OH
223,M000223,22,M,Medicare Advantage,CA
224,M000224,32,M,Commercial,FL
225,M000225,46,M,Commercial,IL
226,M000226,68,M,Medicaid,IL
227,M000227,48,F,Medicare Advantage,IL
228,M000228,82,F,Medicaid,TX
229,M000229,85,F,Commercial,IL
230,M000230,23,F,Commercial,NY
231,M000231,41,F,Commercial,NY
232,M000232,72,M,Medicare Advantage,IL
233,M000233,78,M,Medicare Advantage,IL
234,M000234,47,F,Commercial,OH
235,M000235,32,M,Medicare Advantage,TX
236,M000236,41,F,Medicare Advantage,CA
237,M000237,20,F,Medicaid,AZ
238,M000238,89,M,Commercial,FL
239,M000239,32,M,Commercial,NY
240,M000240,39,F,Medicare Advantage,TX
241,M000241,88,F,Commercial,CA
242,M000242,55,F,Commercial,FL
243,M000243,60,F,Medicare Advantage,MI
244,M000244,62,F,Commercial,CA
245,M000245,61,M,Medicare Advantage,AZ
246,M000246,77,F,Medicare Advantage,TX
247,M000247,45,M,Medicaid,NY
248,M000248,44,M,Medicare Advantage,OH
249,M000249,53,F,Medicaid,AZ
250,M000250,75,M,Medicare Advantage,CA
251,M000251,21,M,Medicaid,IL
252,M000252,33,F,Medicaid,CA
253,M000253,26,F,Medicaid,IL
254,M000254,87,M,Commercial,NY
255,M000255,42,M,Medicare Advantage,NY
256,M000256,54,M,Commercial,OH
257,M000257,48,M,Medicare Advantage,OH
258,M000258,29,F,Medicare Advantage,NY
259,M000259,30,M,Medicare Advantage,OH
260,M000260,89,M,Commercial,OH
261,M000261,88,F,Commercial,CA
262,M000262,75,F,Medicare Advantage,IL
263,M000263,43,F,Medicare Advantage,CA
264,M000264,61,F,Commercial,FL
265,M000265,22,F,Commercial,CA
266,M000266,67,M,Medicaid,AZ
267,M000267,29,M,Commercial,MI
268,M000268,71,F,Commercial,FL
269,M000269,85,M,Medicaid,TX
270,M000270,23,F,Commercial,CA
271,M000271,22,F,Medicare Advantage,FL
272,M000272,79,F,Commercial,NY
273,M000273,79,M,Commercial,CA
274,M000274,21,M,Medicare Advantage,TX
275,M000275,37,M,Medicare Advantage,NY
276,M000276,21,M,Medicaid,CA
277,M000277,80,M,Medicaid,IL
278,M000278,18,M,Medicare Advantage,TX
279,M000279,41,M,Medicaid,IL
280,M000280,89,M,Commercial,CA
281,M000281,79,M,Medicaid,FL
282,M000282,26,F,Commercial,FL
283,M000283,51,F,Medicare Advantage,IL
284,M000284,36,M,Commercial,IL
285,M000285,18,F,Medicaid,MI
286,M000286,49,F,Commercial,MI
287,M000287,60,F,Medicare Advantage,CA
288,M000288,56,M,Commercial,OH
289,M000289,33,F,Commercial,FL
290,M000290,74,M,Medicaid,CA
291,M000291,83,F,Commercial,OH
292,M000292,68,F,Medicare Advantage,TX
293,M000293,45,F,Commercial,IL
294,M000294,74,M,Commercial,NY
295,M000295,89,F,Medicare Advantage,CA
296,M000296,83,M,Commercial,OH
297,M000297,18,F,Medicaid,TX
298,M000298,30,M,Medicare Advantage,FL
299,M000299,49,F,Commercial,FL
300,M000300,81,F,Medicaid,NY
