ClaimID,DateKey,MemberKey,ProviderKey,PayerKey,ClaimCount,BilledAmount,AllowedAmount,PaidAmount,MemberMonths
CL0000001,20250213,85,28,3,1,7499.72,2661.83,6351.95,1
CL0000002,20250106,229,10,2,1,5893.82,8506.95,3181.06,1
CL0000003,20250829,105,3,1,1,3072.04,8737.19,7938.5,1
CL0000004,20261012,238,54,2,1,13209.78,6581.86,1853.38,1
CL0000005,20250720,128,50,3,1,14203.97,4928.79,5986.62,1
CL0000006,20250808,146,53,4,1,3964.1,11755.32,2332.14,1
CL0000007,20251211,47,50,3,1,14668.42,7268.23,7627.11,1
CL0000008,20260603,132,6,3,1,7014.95,4840.76,570.05,1
CL0000009,20250521,258,39,3,1,2733.85,2400.86,1469.02,1
CL0000010,20261030,101,9,3,1,4410.35,5063.41,7122.94,1
CL0000011,20260826,36,9,1,1,13551.52,10411.49,7710.75,1
CL0000012,20251125,16,46,2,1,5309.87,1737.9,1045.32,1
CL0000013,20250314,198,10,1,1,4519.49,7660.76,8991.97,1
CL0000014,20250225,88,49,4,1,3142.0,7572.48,3940.6,1
CL0000015,20250903,43,57,3,1,7828.02,11591.88,5128.52,1
CL0000016,20261125,61,58,2,1,9894.38,7739.02,4500.91,1
CL0000017,20260419,222,49,4,1,671.71,2668.06,4011.56,1
CL0000018,20261027,158,46,2,1,7426.26,3889.2,9495.23,1
CL0000019,20260901,14,58,3,1,12043.12,4985.46,5733.16,1
CL0000020,20250322,202,28,1,1,14349.68,8855.42,8538.15,1
CL0000021,20260723,68,15,3,1,3930.83,10298.22,3755.85,1
CL0000022,20250928,243,20,2,1,13298.54,5206.9,1349.26,1
CL0000023,20260422,250,15,4,1,775.09,9374.82,2209.18,1
CL0000024,20260824,144,9,3,1,3098.51,6918.74,7032.7,1
CL0000025,20260116,255,19,2,1,3527.92,2751.38,7047.56,1
CL0000026,20250425,286,16,3,1,9384.49,10317.01,3907.15,1
CL0000027,20260603,186,45,2,1,8675.71,5961.75,6125.43,1
CL0000028,20251230,135,49,1,1,2079.42,1902.32,3815.12,1
CL0000029,20250808,231,42,1,1,4488.15,3479.96,3219.11,1
CL0000030,20260224,213,58,3,1,8411.83,5795.21,3458.47,1
CL0000031,20250720,150,5,1,1,7964.53,9900.31,7064.85,1
CL0000032,20250820,27,35,1,1,14037.73,3842.99,6568.88,1
CL0000033,20260419,279,54,4,1,7176.9,11410.91,910.23,1
CL0000034,20260903,65,21,1,1,4928.77,5673.62,9180.42,1
CL0000035,20250901,40,44,2,1,14224.66,2626.8,5148.95,1
CL0000036,20260221,170,6,1,1,14976.87,9510.61,1823.95,1
CL0000037,20260904,256,50,2,1,14873.73,8221.98,6655.2,1
CL0000038,20260914,59,47,2,1,4344.49,10594.16,1287.97,1
CL0000039,20260710,218,39,3,1,7431.02,8245.46,1158.16,1
CL0000040,20260529,235,6,2,1,14124.45,3846.78,8108.26,1
CL0000041,20260919,285,2,4,1,11096.88,8582.66,83.39,1
CL0000042,20251102,130,18,2,1,3845.53,10156.2,6619.17,1
CL0000043,20251103,26,16,2,1,2599.27,7548.24,2270.16,1
CL0000044,20250426,41,16,3,1,7915.81,8295.24,2243.28,1
CL0000045,20250422,193,56,1,1,1056.75,2246.33,5961.96,1
CL0000046,20260422,231,32,1,1,14005.23,6438.36,6066.79,1
CL0000047,20250814,138,57,3,1,1885.25,11453.29,7858.24,1
CL0000048,20250920,246,6,3,1,12785.12,5415.95,8530.16,1
CL0000049,20251126,6,44,4,1,5460.79,3345.5,9507.01,1
CL0000050,20251217,23,15,1,1,13190.05,11271.86,2265.94,1
CL0000051,20250408,206,13,2,1,6524.72,6963.82,8419.08,1
CL0000052,20250403,84,57,1,1,3085.44,6893.81,3222.31,1
CL0000053,20250213,178,47,3,1,3042.63,8031.28,5768.78,1
CL0000054,20260724,215,50,4,1,11096.56,11265.77,7631.07,1
CL0000055,20250124,151,47,3,1,339.81,5531.91,5771.59,1
CL0000056,20260826,241,14,3,1,5271.3,9454.32,5422.32,1
CL0000057,20260905,169,53,2,1,4300.8,10201.96,2408.84,1
CL0000058,20261214,43,52,4,1,6972.42,11603.18,4155.39,1
CL0000059,20250806,212,49,2,1,6257.81,9042.78,6630.35,1
CL0000060,20260320,283,3,2,1,2913.66,5364.81,1298.61,1
CL0000061,20250323,205,60,4,1,6921.96,8377.81,2385.09,1
CL0000062,20250611,276,55,3,1,11774.94,2908.7,2509.82,1
CL0000063,20250218,57,43,3,1,909.34,6127.44,5934.03,1
CL0000064,20261026,75,43,3,1,4523.24,9094.28,2846.88,1
CL0000065,20250711,35,31,3,1,11151.67,3831.2,3391.19,1
CL0000066,20250110,209,18,2,1,10515.48,1538.67,7545.99,1
CL0000067,20251031,128,48,1,1,10630.13,10813.81,2163.99,1
CL0000068,20251031,236,12,4,1,12555.3,9444.02,7689.8,1
CL0000069,20261028,271,22,1,1,1747.27,3122.08,8551.22,1
CL0000070,20251009,56,26,3,1,6712.69,7657.2,8342.77,1
CL0000071,20260408,186,38,3,1,10856.71,11080.44,2565.68,1
CL0000072,20260211,216,19,4,1,8224.07,8465.41,1956.27,1
CL0000073,20260525,269,24,2,1,7128.18,4991.68,1145.57,1
CL0000074,20250909,280,56,2,1,7158.32,7263.34,4895.43,1
CL0000075,20250123,62,60,4,1,14371.95,3403.73,5001.29,1
CL0000076,20251128,174,30,4,1,11035.7,5248.29,424.66,1
CL0000077,20251117,6,42,4,1,799.31,7774.7,5159.14,1
CL0000078,20260508,217,24,1,1,1859.51,10818.42,7388.8,1
CL0000079,20260823,68,49,1,1,7648.61,10582.06,7278.88,1
CL0000080,20260129,90,44,3,1,2171.48,8929.99,4570.04,1
CL0000081,20250923,148,3,1,1,7689.27,8326.2,2007.57,1
CL0000082,20250110,222,20,1,1,1336.63,5115.4,6334.03,1
CL0000083,20251221,147,29,2,1,11761.94,4162.17,1695.58,1
CL0000084,20250426,5,31,4,1,10632.59,11145.89,5718.97,1
CL0000085,20250325,36,10,1,1,4428.11,83.93,6371.96,1
CL0000086,20250120,40,45,3,1,11857.27,3339.71,3324.74,1
CL0000087,20260729,287,10,4,1,14499.16,4702.55,6909.58,1
CL0000088,20261201,64,20,1,1,13844.61,5760.11,4192.34,1
CL0000089,20251230,261,10,2,1,2364.91,3618.54,9571.3,1
CL0000090,20250804,137,19,4,1,3192.69,8561.99,9914.56,1
CL0000091,20260225,112,37,3,1,10002.61,3448.51,1415.79,1
CL0000092,20260927,200,42,3,1,7875.2,10518.37,6171.45,1
CL0000093,20260928,129,48,1,1,1839.65,11882.27,6584.33,1
CL0000094,20260130,32,30,1,1,14568.74,8907.8,4476.57,1
CL0000095,20250702,203,12,1,1,12629.8,2902.94,9544.69,1
CL0000096,20260214,143,20,1,1,8066.8,10149.2,1104.85,1
CL0000097,20260104,290,60,2,1,14858.98,3953.11,7515.12,1
CL0000098,20250520,192,46,2,1,13646.27,9339.01,6028.74,1
CL0000099,20250112,194,14,3,1,2673.4,5447.18,8143.26,1
CL0000100,20250304,140,9,1,1,14685.59,6176.39,6891.45,1
CL0000101,20260816,98,42,4,1,4508.21,3667.38,7633.69,1
CL0000102,20260109,189,13,3,1,6568.7,11792.6,2231.26,1
CL0000103,20260330,125,41,4,1,11741.05,441.18,4134.34,1
CL0000104,20250616,240,21,2,1,909.2,4392.4,6726.61,1
CL0000105,20260527,115,6,4,1,14187.27,8281.41,2678.62,1
CL0000106,20261211,42,43,3,1,12228.5,11792.88,1759.0,1
CL0000107,20251219,98,41,1,1,14549.78,2322.89,3399.78,1
CL0000108,20260702,264,8,4,1,13888.65,11669.61,4509.77,1
CL0000109,20260917,279,47,1,1,4400.77,7248.06,2586.16,1
CL0000110,20250315,249,17,3,1,6126.16,7398.62,4175.87,1
CL0000111,20250925,137,30,4,1,6865.59,8732.84,9026.01,1
CL0000112,20250901,63,34,1,1,135.73,2612.45,8978.17,1
CL0000113,20261007,222,3,2,1,10346.5,6677.8,1983.06,1
CL0000114,20260531,146,1,4,1,112.15,3400.8,9833.75,1
CL0000115,20260220,129,21,3,1,4510.06,1132.81,2509.42,1
CL0000116,20260517,174,39,3,1,6873.43,7505.14,5536.32,1
CL0000117,20250902,152,2,3,1,2818.91,11670.22,8306.58,1
CL0000118,20260326,194,26,3,1,11880.5,2332.71,7148.81,1
CL0000119,20250218,89,9,1,1,8563.9,4620.04,5262.32,1
CL0000120,20261124,133,45,1,1,8679.53,8977.34,9405.2,1
CL0000121,20250426,41,40,4,1,9308.52,2041.91,9518.7,1
CL0000122,20250211,82,49,3,1,7492.75,10941.07,892.33,1
CL0000123,20260419,93,52,4,1,9143.06,4759.27,3278.09,1
CL0000124,20261005,288,51,4,1,9340.83,509.62,1127.64,1
CL0000125,20250830,98,6,2,1,3330.24,837.49,8209.06,1
CL0000126,20260304,91,41,2,1,2188.71,8401.61,1083.47,1
CL0000127,20251119,279,12,3,1,6583.23,858.77,8609.33,1
CL0000128,20260819,81,21,3,1,13656.05,1674.22,6268.89,1
CL0000129,20250123,230,60,1,1,14812.36,5763.73,1206.8,1
CL0000130,20250228,153,27,2,1,14172.02,100.14,2350.32,1
CL0000131,20260411,143,42,1,1,14715.24,10599.91,2641.7,1
CL0000132,20250326,191,58,1,1,2833.62,10128.27,7130.28,1
CL0000133,20260121,169,53,3,1,2656.95,9860.61,1831.58,1
CL0000134,20260815,231,30,3,1,6609.82,9054.06,54.38,1
CL0000135,20260401,297,13,3,1,11728.09,10778.19,7964.52,1
CL0000136,20260602,217,48,3,1,1545.16,8545.33,332.68,1
CL0000137,20260721,47,27,1,1,10851.28,8791.91,9153.74,1
CL0000138,20250803,116,32,4,1,5270.83,1895.85,4718.2,1
CL0000139,20250422,149,50,3,1,2539.32,8061.87,5156.08,1
CL0000140,20251027,64,40,1,1,13667.95,4088.06,2048.46,1
CL0000141,20251022,179,53,1,1,10289.74,3916.36,5990.54,1
CL0000142,20260718,44,39,1,1,13188.62,11406.22,2360.15,1
CL0000143,20260516,41,27,3,1,2197.75,11508.39,2688.36,1
CL0000144,20260701,167,24,1,1,6247.4,7554.53,3361.18,1
CL0000145,20260815,73,16,2,1,12244.06,1093.0,8526.86,1
CL0000146,20260621,19,22,4,1,4646.2,1874.02,9660.37,1
CL0000147,20260825,99,14,1,1,14714.67,1292.57,3174.31,1
CL0000148,20261203,257,44,2,1,11898.11,5443.81,7847.42,1
CL0000149,20261115,73,32,2,1,9875.55,2987.75,8181.72,1
CL0000150,20260926,254,8,1,1,10598.63,8619.96,6857.3,1
CL0000151,20251129,148,32,4,1,13533.0,1786.44,2697.93,1
CL0000152,20260312,272,52,2,1,6638.75,9376.32,5973.26,1
CL0000153,20250218,42,14,4,1,793.3,11229.23,6246.27,1
CL0000154,20260824,214,4,4,1,11137.37,1789.26,8012.99,1
CL0000155,20250914,285,59,2,1,6754.35,4016.89,4685.09,1
CL0000156,20260706,141,33,4,1,11644.15,9762.17,919.22,1
CL0000157,20260119,10,40,1,1,14148.92,3885.59,5034.1,1
CL0000158,20260228,169,40,2,1,9853.55,9493.79,6538.19,1
CL0000159,20250212,190,7,2,1,8206.83,8162.35,8956.75,1
CL0000160,20250510,64,17,2,1,1634.7,8131.78,6590.27,1
CL0000161,20261024,252,35,4,1,14905.54,5154.49,1351.61,1
CL0000162,20260413,90,20,3,1,7287.81,5506.74,1532.81,1
CL0000163,20250919,164,35,2,1,10991.44,6421.2,4135.42,1
CL0000164,20260329,101,34,1,1,1536.22,3099.59,1616.93,1
CL0000165,20250622,83,16,3,1,10905.39,7611.06,7211.67,1
CL0000166,20250514,156,21,3,1,7536.1,1093.32,2222.31,1
CL0000167,20260524,10,32,2,1,9655.27,6887.46,9247.33,1
CL0000168,20260731,246,32,2,1,4432.84,6921.05,8194.79,1
CL0000169,20260824,216,6,1,1,2558.84,5919.72,1705.11,1
CL0000170,20260730,282,11,4,1,9386.44,9385.75,966.93,1
CL0000171,20251206,82,2,2,1,14076.94,9703.17,2598.31,1
CL0000172,20260828,229,3,1,1,4811.49,2872.37,1156.07,1
CL0000173,20250125,217,46,1,1,12929.34,7163.05,4328.82,1
CL0000174,20260309,231,26,2,1,2685.36,11760.59,6030.11,1
CL0000175,20260424,37,43,4,1,9332.03,11014.5,2302.26,1
CL0000176,20261128,271,58,3,1,14055.18,1697.39,5486.13,1
CL0000177,20250313,241,4,4,1,11438.42,458.19,2057.43,1
CL0000178,20250516,104,20,3,1,13779.72,1229.87,5665.04,1
CL0000179,20250828,129,41,4,1,8590.55,8687.63,4454.83,1
CL0000180,20261103,160,14,1,1,14827.48,6108.66,7500.57,1
CL0000181,20250128,138,18,4,1,9436.2,9348.39,6615.71,1
CL0000182,20250604,277,12,4,1,10514.79,6936.3,8774.81,1
CL0000183,20260625,185,15,2,1,7539.43,3380.54,4406.71,1
CL0000184,20250923,258,14,1,1,13355.46,8754.05,1794.92,1
CL0000185,20260427,242,34,2,1,1486.08,4463.95,5559.02,1
CL0000186,20250306,115,57,1,1,4790.45,10105.72,3451.71,1
CL0000187,20261206,145,58,1,1,588.31,10953.07,6547.26,1
CL0000188,20250813,245,47,2,1,10122.06,7264.33,4175.64,1
CL0000189,20250317,259,53,2,1,12892.47,11450.78,1216.26,1
CL0000190,20250202,98,19,2,1,9257.68,6507.54,4532.56,1
CL0000191,20250905,247,25,1,1,2590.22,3751.28,4743.16,1
CL0000192,20260202,137,5,1,1,14313.17,11108.33,2126.54,1
CL0000193,20260522,105,31,4,1,8383.45,4814.38,3639.05,1
CL0000194,20251124,296,2,1,1,7611.09,1669.53,5914.86,1
CL0000195,20250729,34,1,2,1,9202.67,8089.78,1968.95,1
CL0000196,20260309,277,11,3,1,11954.88,6806.53,648.27,1
CL0000197,20260204,214,43,4,1,7757.28,8844.43,1637.86,1
CL0000198,20260714,298,56,3,1,1697.15,5976.23,1911.77,1
CL0000199,20250907,135,49,4,1,14075.4,6608.06,449.51,1
CL0000200,20250505,186,2,1,1,2308.4,3755.5,6686.76,1
CL0000201,20250919,6,52,3,1,7070.4,4182.52,8282.47,1
CL0000202,20261027,60,23,3,1,5404.33,4869.01,5706.33,1
CL0000203,20260928,89,28,3,1,8749.91,8744.52,4789.66,1
CL0000204,20250704,126,7,1,1,2471.47,1696.85,5441.05,1
CL0000205,20251113,282,50,2,1,11638.81,5546.39,1386.94,1
CL0000206,20260209,258,18,2,1,10651.61,3544.14,361.6,1
CL0000207,20261003,227,35,1,1,1613.13,9549.61,4938.75,1
CL0000208,20261202,69,47,4,1,1254.63,1493.72,6230.49,1
CL0000209,20260520,264,19,4,1,1618.91,9300.92,444.45,1
CL0000210,20250720,52,19,2,1,9561.85,9145.47,8361.89,1
CL0000211,20250813,51,43,4,1,12926.68,8338.15,3878.46,1
CL0000212,20260916,205,16,1,1,9117.66,3625.69,2265.65,1
CL0000213,20250605,14,30,1,1,14375.64,6628.94,4534.92,1
CL0000214,20261208,75,36,1,1,10580.47,3579.99,4765.13,1
CL0000215,20260701,218,9,2,1,5189.62,3566.66,453.53,1
CL0000216,20260725,9,41,1,1,6870.4,7892.18,1358.58,1
CL0000217,20261021,273,4,1,1,12409.18,2207.38,4765.18,1
CL0000218,20261110,34,14,3,1,12170.95,10263.18,3038.7,1
CL0000219,20250224,36,10,3,1,11282.61,8063.7,5944.0,1
CL0000220,20261218,290,12,3,1,9211.97,4873.53,6547.74,1
CL0000221,20250906,67,10,3,1,10299.24,3702.49,6003.72,1
CL0000222,20250601,111,35,3,1,2615.9,2313.24,1702.69,1
CL0000223,20260514,199,11,4,1,2080.88,7727.43,5486.7,1
CL0000224,20260830,100,38,3,1,4506.92,10540.11,639.83,1
CL0000225,20260620,104,40,4,1,1779.44,11021.87,6151.23,1
CL0000226,20250214,178,7,1,1,10479.54,3069.68,1126.85,1
CL0000227,20260804,208,4,4,1,7695.35,3996.08,2187.0,1
CL0000228,20250629,185,42,4,1,9058.47,293.85,9139.4,1
CL0000229,20260813,164,42,4,1,6588.64,9860.0,4084.17,1
CL0000230,20250305,300,10,2,1,6258.62,4096.0,7777.42,1
CL0000231,20250130,138,36,1,1,6291.82,11484.25,2499.6,1
CL0000232,20260806,96,7,1,1,14796.87,3526.81,2514.59,1
CL0000233,20250719,271,25,1,1,7744.82,9067.13,2439.63,1
CL0000234,20250622,181,45,1,1,8125.52,11395.36,6289.9,1
CL0000235,20250821,5,25,2,1,517.93,10983.91,5851.78,1
CL0000236,20251008,91,37,1,1,10337.04,9490.55,9265.26,1
CL0000237,20260825,69,52,1,1,8799.62,3839.52,7455.34,1
CL0000238,20250105,297,19,2,1,1233.68,2407.02,289.69,1
CL0000239,20250606,135,43,1,1,13306.55,4835.04,3001.22,1
CL0000240,20260414,168,1,3,1,4269.4,2768.55,9749.87,1
CL0000241,20260530,275,40,2,1,10533.68,11940.14,8874.02,1
CL0000242,20260312,89,18,3,1,8944.18,8516.81,7152.27,1
CL0000243,20261209,26,26,4,1,14773.26,10476.86,8411.88,1
CL0000244,20260528,298,42,4,1,12607.14,606.75,2516.37,1
CL0000245,20250718,203,11,1,1,13159.01,7772.19,7700.39,1
CL0000246,20260611,208,2,1,1,2848.82,3331.14,5214.73,1
CL0000247,20260116,296,32,4,1,11088.26,2754.41,3061.96,1
CL0000248,20250217,193,58,4,1,13572.16,3373.41,1126.46,1
CL0000249,20250805,1,29,4,1,14776.21,1850.15,2028.71,1
CL0000250,20260124,167,32,2,1,11584.27,9972.82,8420.96,1
CL0000251,20261109,33,41,4,1,2952.64,3954.97,170.4,1
CL0000252,20260729,248,43,3,1,7803.71,3956.22,6213.96,1
CL0000253,20250703,290,25,3,1,975.64,144.07,5907.95,1
CL0000254,20260727,287,17,2,1,8987.96,8481.72,9669.39,1
CL0000255,20250416,279,50,3,1,1035.1,10383.97,7282.09,1
CL0000256,20260601,193,25,3,1,6125.04,3696.94,3634.09,1
CL0000257,20261009,197,31,1,1,9150.48,11166.39,2766.64,1
CL0000258,20261201,299,12,3,1,11566.53,10068.64,4989.38,1
CL0000259,20251005,201,1,3,1,679.96,11442.07,7008.61,1
CL0000260,20260417,288,32,2,1,1557.52,4714.6,3543.09,1
CL0000261,20260407,213,7,3,1,1843.15,927.6,4000.71,1
CL0000262,20260813,51,60,4,1,2304.47,6957.15,4791.94,1
CL0000263,20260111,224,57,2,1,210.01,11924.19,2691.4,1
CL0000264,20251128,230,14,2,1,6257.5,5104.42,4752.14,1
CL0000265,20250314,247,55,3,1,5750.46,9689.74,1405.73,1
CL0000266,20260117,272,14,3,1,973.31,10824.93,4714.23,1
CL0000267,20250710,289,51,3,1,11959.67,6412.44,3028.33,1
CL0000268,20250125,35,1,3,1,11212.97,11739.31,7275.44,1
CL0000269,20250916,166,16,1,1,8140.32,8878.93,9132.96,1
CL0000270,20251209,58,38,4,1,1411.65,11855.38,4876.42,1
CL0000271,20250428,141,26,2,1,13641.98,341.6,3727.92,1
CL0000272,20250327,52,13,3,1,4429.69,11388.13,8826.92,1
CL0000273,20260909,72,28,1,1,7277.05,5597.88,4374.83,1
CL0000274,20260101,160,10,3,1,9725.03,5595.72,813.36,1
CL0000275,20250107,251,51,3,1,5937.47,11150.25,3258.41,1
CL0000276,20250609,25,17,1,1,6175.93,9535.94,3957.18,1
CL0000277,20260326,245,47,2,1,9013.78,10263.71,5265.01,1
CL0000278,20250107,56,26,1,1,2212.61,1148.56,8334.08,1
CL0000279,20250708,7,47,3,1,7471.76,11119.27,367.12,1
CL0000280,20260125,80,18,2,1,6005.19,6537.13,6176.56,1
CL0000281,20260615,74,8,2,1,4854.83,5872.49,7539.74,1
CL0000282,20260309,225,6,1,1,2904.77,1301.35,3297.44,1
CL0000283,20251124,283,5,2,1,5532.98,4876.18,2106.37,1
CL0000284,20261231,65,30,4,1,7835.21,8670.09,6892.19,1
CL0000285,20260211,250,42,2,1,7781.35,9813.09,8773.68,1
CL0000286,20261205,278,53,3,1,5638.93,8602.16,5480.73,1
CL0000287,20260214,216,24,2,1,2265.74,6025.89,8728.12,1
CL0000288,20260305,33,48,2,1,11826.28,10556.77,5677.14,1
CL0000289,20260515,248,50,4,1,1317.87,4888.82,2550.57,1
CL0000290,20260422,191,39,1,1,11801.24,586.37,403.97,1
CL0000291,20261021,52,40,2,1,6745.1,6872.56,9539.34,1
CL0000292,20260823,146,23,3,1,5428.93,5902.3,5578.92,1
CL0000293,20250626,84,45,3,1,14734.14,1627.1,6285.94,1
CL0000294,20260502,44,51,3,1,14385.13,9660.75,1425.45,1
CL0000295,20250124,299,37,2,1,2182.91,6782.8,9065.06,1
CL0000296,20250103,100,39,2,1,12056.09,9763.44,5195.45,1
CL0000297,20260525,104,2,3,1,6691.51,1778.25,8338.43,1
CL0000298,20251219,209,7,1,1,13819.39,11090.46,8477.31,1
CL0000299,20250213,64,34,4,1,11121.75,7521.23,2007.9,1
CL0000300,20260522,173,48,1,1,7374.32,9683.87,9480.91,1
CL0000301,20250729,7,28,4,1,7332.23,8163.25,2619.57,1
CL0000302,20251220,79,30,3,1,9252.8,11417.42,443.01,1
CL0000303,20251022,215,22,1,1,2435.31,6276.54,5708.35,1
CL0000304,20260303,149,28,4,1,1378.75,8878.35,3005.13,1
CL0000305,20260617,4,49,1,1,12126.85,1037.29,2435.32,1
CL0000306,20261222,43,3,4,1,10830.02,5300.94,3720.11,1
CL0000307,20251102,170,35,4,1,11735.96,5212.31,861.91,1
CL0000308,20250910,47,5,4,1,10951.19,4288.8,5984.67,1
CL0000309,20251124,147,21,3,1,13410.62,8397.29,6385.77,1
CL0000310,20250322,95,53,3,1,13152.77,1698.66,2012.69,1
CL0000311,20260521,280,32,4,1,3975.99,4321.56,5213.83,1
CL0000312,20250912,78,23,1,1,7465.47,4589.6,5699.26,1
CL0000313,20250719,23,33,1,1,13724.55,6343.02,5194.23,1
CL0000314,20250401,102,14,2,1,7402.76,4552.33,4324.26,1
CL0000315,20250226,220,20,2,1,12593.06,1774.34,8774.77,1
CL0000316,20250424,225,30,4,1,7291.93,8636.52,4694.29,1
CL0000317,20250525,48,29,2,1,1889.0,11550.1,7931.63,1
CL0000318,20260715,6,44,3,1,10242.02,1636.02,8176.03,1
CL0000319,20260322,263,51,4,1,7406.68,1997.12,4929.83,1
CL0000320,20260526,196,13,4,1,9734.53,10794.63,1594.56,1
CL0000321,20260716,139,23,4,1,9461.07,8035.97,3889.0,1
CL0000322,20250909,32,13,3,1,1082.83,3029.39,5963.04,1
CL0000323,20261128,25,47,4,1,3254.39,5281.72,5597.14,1
CL0000324,20260618,297,52,2,1,9044.08,1620.06,7973.32,1
CL0000325,20251024,115,56,4,1,5989.1,7790.4,5406.51,1
CL0000326,20261225,30,33,1,1,4154.11,11303.41,9129.13,1
CL0000327,20250713,68,49,4,1,14906.81,4000.93,3575.2,1
CL0000328,20261202,175,21,3,1,1638.3,9266.79,5604.01,1
CL0000329,20250605,282,3,1,1,9383.04,11510.31,6307.08,1
CL0000330,20260211,229,19,1,1,9830.46,7728.42,4597.6,1
CL0000331,20250906,228,12,3,1,14850.56,9044.94,6537.15,1
CL0000332,20251126,21,42,2,1,5158.65,2501.5,2920.22,1
CL0000333,20260704,7,24,4,1,9876.35,5443.74,2337.26,1
CL0000334,20260224,101,16,1,1,14363.06,3188.1,5295.65,1
CL0000335,20250828,139,24,3,1,674.05,9034.82,1278.73,1
CL0000336,20260203,164,18,4,1,7108.08,2843.95,4412.76,1
CL0000337,20251106,229,57,1,1,6454.81,9679.68,6536.75,1
CL0000338,20250716,251,4,2,1,5231.2,374.33,7435.08,1
CL0000339,20260407,26,44,3,1,3055.27,7699.54,3899.88,1
CL0000340,20260720,131,27,2,1,4135.8,9309.78,5420.32,1
CL0000341,20260228,282,58,1,1,2838.2,8662.57,1915.72,1
CL0000342,20260805,72,23,3,1,12653.02,7876.72,2341.7,1
CL0000343,20250908,179,43,3,1,3151.82,4578.21,6861.5,1
CL0000344,20260305,213,10,4,1,8068.93,4565.28,1351.75,1
CL0000345,20260316,300,21,4,1,11091.6,6385.73,4679.66,1
CL0000346,20260220,9,42,1,1,1389.26,7868.53,6350.97,1
CL0000347,20260905,146,15,1,1,3001.27,9277.67,3554.48,1
CL0000348,20260919,216,7,2,1,8001.6,7859.88,4569.66,1
CL0000349,20261227,137,40,4,1,6525.18,2992.82,3557.97,1
CL0000350,20250331,47,16,3,1,386.07,6877.82,1530.13,1
CL0000351,20250818,279,43,1,1,6724.12,3624.91,6455.19,1
CL0000352,20250429,145,12,2,1,2287.81,1622.05,7595.7,1
CL0000353,20251202,129,58,3,1,1660.49,1081.65,8832.43,1
CL0000354,20251210,115,43,1,1,3804.52,6947.19,5010.05,1
CL0000355,20250818,124,37,2,1,13841.19,11491.94,2310.41,1
CL0000356,20260504,98,1,1,1,6481.47,2815.62,172.95,1
CL0000357,20260627,100,39,3,1,9332.45,11412.02,2399.95,1
CL0000358,20261114,173,46,3,1,9537.28,5188.28,1912.72,1
CL0000359,20260311,28,34,2,1,12258.74,5048.29,673.07,1
CL0000360,20260518,143,22,4,1,3950.05,5492.49,4037.88,1
CL0000361,20260125,196,43,2,1,4903.0,6590.35,7858.61,1
CL0000362,20251018,259,29,1,1,12612.55,3566.9,3430.62,1
CL0000363,20261211,281,50,4,1,10579.56,7405.88,2153.4,1
CL0000364,20250321,202,33,3,1,9744.21,6215.69,8605.95,1
CL0000365,20250123,192,48,4,1,8472.53,11278.38,5036.42,1
CL0000366,20250619,133,20,2,1,10625.82,10852.86,7153.72,1
CL0000367,20261018,12,58,3,1,11789.23,4646.29,4607.42,1
CL0000368,20250821,21,40,4,1,11893.79,11389.52,9264.1,1
CL0000369,20250318,121,55,3,1,14956.56,8076.02,9119.33,1
CL0000370,20261208,7,35,3,1,13771.05,9301.59,3740.27,1
CL0000371,20260705,189,14,2,1,3873.02,5907.75,8401.38,1
CL0000372,20261107,32,44,2,1,12105.88,8426.96,8832.23,1
CL0000373,20250121,252,35,3,1,4255.32,3760.83,9658.42,1
CL0000374,20260506,253,28,2,1,765.34,5453.85,2927.84,1
CL0000375,20260815,54,58,4,1,10437.11,5376.78,7452.98,1
CL0000376,20261005,81,31,3,1,13504.38,7406.48,378.29,1
CL0000377,20261022,172,45,1,1,10962.02,2600.39,6478.67,1
CL0000378,20261127,163,58,3,1,11913.9,4960.89,5008.26,1
CL0000379,20261215,201,52,1,1,7465.78,7966.85,5918.75,1
CL0000380,20260804,155,54,1,1,8066.48,10479.75,8020.6,1
CL0000381,20260422,145,47,3,1,2586.75,162.17,5478.37,1
CL0000382,20260209,115,57,1,1,14713.86,9430.78,5594.05,1
CL0000383,20260309,69,34,2,1,14631.01,2927.81,8586.1,1
CL0000384,20261017,168,27,3,1,14287.35,4805.4,9267.74,1
CL0000385,20251205,209,56,3,1,4145.14,4343.58,5147.64,1
CL0000386,20260125,248,45,1,1,7041.86,7081.11,6519.28,1
CL0000387,20250625,155,10,2,1,2082.2,4694.66,9855.69,1
CL0000388,20250121,188,28,3,1,2955.44,2124.7,4081.71,1
CL0000389,20260209,251,50,3,1,8190.16,1188.82,8179.01,1
CL0000390,20251230,200,11,3,1,7681.15,11318.55,5430.84,1
CL0000391,20250105,167,34,3,1,805.52,904.94,9298.32,1
CL0000392,20260724,286,12,4,1,9961.78,2432.95,502.12,1
CL0000393,20260213,134,40,1,1,8311.69,5500.97,5607.28,1
CL0000394,20260303,177,35,4,1,11013.32,2575.47,7151.59,1
CL0000395,20260204,99,17,4,1,6407.7,6454.05,5938.36,1
CL0000396,20260605,92,7,4,1,2444.79,9035.05,5091.85,1
CL0000397,20251031,239,59,3,1,8296.8,3595.24,9990.25,1
CL0000398,20261011,4,14,3,1,8629.8,1169.31,4221.68,1
CL0000399,20261227,122,52,4,1,7253.78,6439.38,1595.62,1
CL0000400,20250228,82,6,4,1,123.53,9808.77,6028.16,1
CL0000401,20260925,223,31,2,1,1295.76,4632.8,2636.42,1
CL0000402,20250218,168,7,4,1,5690.46,2763.35,7801.81,1
CL0000403,20260623,282,17,4,1,120.45,4321.16,1344.65,1
CL0000404,20260220,265,50,3,1,12023.33,8980.63,776.93,1
CL0000405,20250828,62,55,2,1,14966.21,336.48,2812.69,1
CL0000406,20251102,27,39,1,1,14024.91,4123.37,7217.8,1
CL0000407,20251007,133,57,1,1,11855.0,4184.35,5669.77,1
CL0000408,20251007,45,26,3,1,12732.51,4403.33,3464.4,1
CL0000409,20260324,234,51,1,1,315.89,106.73,6088.06,1
CL0000410,20250707,121,14,4,1,4957.68,4610.01,3073.29,1
CL0000411,20260722,1,29,2,1,6922.19,9678.9,5366.36,1
CL0000412,20261005,92,58,3,1,7062.85,11686.52,9182.99,1
CL0000413,20260406,128,3,2,1,903.8,5292.24,8539.73,1
CL0000414,20261201,107,1,3,1,12644.2,11544.73,3565.11,1
CL0000415,20260804,298,56,3,1,11735.2,6534.53,6045.8,1
CL0000416,20251117,132,60,2,1,3692.67,8064.36,3546.36,1
CL0000417,20260810,93,7,3,1,4388.36,3694.54,2542.53,1
CL0000418,20251225,202,35,2,1,4857.65,5818.89,3724.6,1
CL0000419,20261003,147,20,3,1,1982.42,10588.88,879.34,1
CL0000420,20251003,62,31,4,1,626.37,2198.7,1602.56,1
CL0000421,20260924,67,57,3,1,7664.01,7273.37,906.42,1
CL0000422,20250401,221,31,2,1,1635.59,2253.99,8726.63,1
CL0000423,20260108,68,38,3,1,9980.23,11263.84,5678.71,1
CL0000424,20260312,162,35,1,1,496.64,4628.47,6510.01,1
CL0000425,20250307,6,18,3,1,4898.99,10064.0,5741.42,1
CL0000426,20251030,18,34,1,1,4819.16,9476.1,3657.78,1
CL0000427,20260514,245,56,3,1,306.41,602.71,9886.48,1
CL0000428,20261001,268,56,2,1,5079.23,2395.91,2704.73,1
CL0000429,20250323,135,51,3,1,8736.94,11871.02,7844.94,1
CL0000430,20250303,114,35,3,1,9575.84,2632.25,9107.56,1
CL0000431,20250531,196,2,1,1,10303.52,5869.35,3860.96,1
CL0000432,20260425,225,31,3,1,9101.23,8025.27,9355.28,1
CL0000433,20260314,116,4,4,1,9372.3,11561.67,2940.76,1
CL0000434,20250216,201,19,2,1,13251.44,86.44,1467.0,1
CL0000435,20250202,141,27,1,1,10479.92,9956.59,7901.03,1
CL0000436,20260322,84,17,4,1,1773.14,11539.89,8263.47,1
CL0000437,20260824,55,26,1,1,11001.98,6167.49,5870.33,1
CL0000438,20260429,208,11,3,1,13053.19,7184.75,5748.19,1
CL0000439,20260630,8,48,1,1,4351.04,6152.54,9321.07,1
CL0000440,20250719,20,18,2,1,6169.29,5616.27,1201.02,1
CL0000441,20250321,91,6,3,1,5443.53,8551.53,4620.98,1
CL0000442,20250424,65,51,1,1,11606.0,1160.04,4101.96,1
CL0000443,20260504,130,16,1,1,4096.55,3001.05,7190.67,1
CL0000444,20250816,271,3,4,1,5908.37,7100.69,8997.89,1
CL0000445,20250612,117,29,3,1,186.21,11218.67,8237.38,1
CL0000446,20250918,31,49,1,1,751.54,10788.13,2399.0,1
CL0000447,20251009,246,55,1,1,8032.89,5106.69,9434.09,1
CL0000448,20260915,213,16,4,1,112.37,2852.4,9430.09,1
CL0000449,20261021,22,28,2,1,10263.76,3210.21,9463.3,1
CL0000450,20250619,256,17,4,1,14674.17,3206.42,3805.94,1
CL0000451,20260629,218,22,1,1,2415.52,3516.64,3553.88,1
CL0000452,20251226,137,21,4,1,1745.15,10173.28,4752.55,1
CL0000453,20261015,10,6,1,1,2692.95,11306.55,5323.72,1
CL0000454,20261128,16,46,2,1,11075.01,7945.89,156.74,1
CL0000455,20250210,124,46,1,1,9016.97,10277.17,1941.93,1
CL0000456,20260424,258,51,4,1,4832.92,2640.66,3667.59,1
CL0000457,20260212,255,42,3,1,4209.77,1203.76,6177.72,1
CL0000458,20260725,217,39,3,1,5638.75,10745.13,4211.26,1
CL0000459,20260909,235,55,4,1,3670.14,9704.93,1708.58,1
CL0000460,20250105,166,53,4,1,377.2,11216.1,2686.6,1
CL0000461,20261125,290,60,3,1,423.42,8673.04,1139.4,1
CL0000462,20251029,51,41,3,1,10644.14,2306.85,4390.99,1
CL0000463,20260903,70,19,1,1,481.15,517.22,470.17,1
CL0000464,20250205,224,55,3,1,11513.17,6600.57,8776.25,1
CL0000465,20251201,211,54,2,1,11452.2,473.08,9391.88,1
CL0000466,20260520,231,56,2,1,2676.02,5775.38,4881.43,1
CL0000467,20261223,32,14,4,1,8418.25,7831.56,6244.06,1
CL0000468,20261213,70,56,4,1,11714.9,2379.04,7896.15,1
CL0000469,20261119,2,27,4,1,803.0,7746.19,6373.69,1
CL0000470,20250208,27,33,2,1,14722.22,4019.68,6089.67,1
CL0000471,20260528,69,23,1,1,6736.94,11314.94,1091.42,1
CL0000472,20260430,237,16,2,1,9406.86,11605.51,9306.38,1
CL0000473,20251001,186,48,1,1,7312.08,10350.55,9217.7,1
CL0000474,20260326,271,32,2,1,8159.3,9493.75,5674.68,1
CL0000475,20250306,22,29,4,1,2541.63,10273.27,3140.99,1
CL0000476,20250509,152,56,1,1,13859.56,1469.32,6999.73,1
CL0000477,20260524,92,42,1,1,1922.4,9127.53,7939.83,1
CL0000478,20261106,43,14,1,1,12552.46,9925.87,4689.97,1
CL0000479,20250818,23,59,3,1,2138.71,10418.54,9730.42,1
CL0000480,20261112,194,38,1,1,14642.27,350.66,4509.48,1
CL0000481,20250416,80,34,2,1,5236.32,8482.17,6042.5,1
CL0000482,20250517,143,27,4,1,6925.93,1762.6,4788.13,1
CL0000483,20261212,125,13,1,1,11437.88,7579.81,8020.99,1
CL0000484,20251101,153,16,4,1,13562.05,6914.76,1867.43,1
CL0000485,20251020,94,21,3,1,3270.21,4212.32,4202.28,1
CL0000486,20260312,123,14,2,1,7039.81,634.37,5863.73,1
CL0000487,20251112,148,16,3,1,6215.71,6623.01,3835.56,1
CL0000488,20261017,19,48,2,1,183.84,4963.17,4533.65,1
CL0000489,20250610,289,12,3,1,3603.86,10721.05,2922.07,1
CL0000490,20260316,115,40,3,1,10863.77,3198.66,4104.06,1
CL0000491,20260421,30,43,3,1,7903.91,11462.81,7688.27,1
CL0000492,20250207,93,17,3,1,9622.51,5900.27,8912.64,1
CL0000493,20261014,175,44,3,1,1709.11,8131.41,4239.98,1
CL0000494,20250105,233,44,1,1,3441.81,3137.87,5327.65,1
CL0000495,20261116,49,15,1,1,7128.26,3271.83,7010.27,1
CL0000496,20261117,279,54,4,1,4564.89,3502.04,5967.3,1
CL0000497,20251205,81,21,2,1,9965.69,1380.65,6847.9,1
CL0000498,20261223,111,16,2,1,11193.34,10537.21,9166.61,1
CL0000499,20250213,100,44,2,1,1228.56,7325.02,8438.06,1
CL0000500,20260804,214,44,2,1,8351.9,6528.43,7208.98,1
CL0000501,20261220,197,60,2,1,11717.11,8677.48,7699.65,1
CL0000502,20260314,74,53,1,1,9479.85,7016.5,9227.51,1
CL0000503,20261112,254,54,1,1,3995.77,4571.53,8001.96,1
CL0000504,20250913,38,21,2,1,3112.34,9944.24,8958.04,1
CL0000505,20250909,151,59,3,1,9976.08,6776.64,8381.32,1
CL0000506,20250112,12,4,2,1,6399.52,9337.52,516.22,1
CL0000507,20261008,134,51,2,1,12550.45,8551.24,5189.12,1
CL0000508,20251025,157,33,3,1,12590.06,4402.91,4242.84,1
CL0000509,20250603,218,43,1,1,3791.14,979.43,1730.86,1
CL0000510,20260427,257,24,1,1,2782.27,1922.91,4264.13,1
CL0000511,20260826,183,24,2,1,1743.74,5076.78,9091.7,1
CL0000512,20250726,92,57,1,1,3630.79,10071.98,5263.55,1
CL0000513,20250102,164,8,3,1,13327.96,11152.03,8989.64,1
CL0000514,20260226,237,3,3,1,11316.39,5644.43,5051.65,1
CL0000515,20260426,164,5,3,1,6962.79,8635.58,8678.19,1
CL0000516,20250111,211,16,1,1,194.83,5008.37,6143.23,1
CL0000517,20250514,27,26,4,1,12167.53,1900.16,3973.67,1
CL0000518,20250204,187,15,4,1,8891.22,5441.35,2125.44,1
CL0000519,20250304,55,15,1,1,10440.5,3422.92,7287.35,1
CL0000520,20250214,182,12,3,1,9450.48,3463.53,6243.22,1
CL0000521,20260123,275,16,2,1,1103.96,281.03,6127.85,1
CL0000522,20260428,72,57,1,1,9173.29,10696.02,1661.53,1
CL0000523,20250812,246,24,4,1,4674.74,2354.85,2716.22,1
CL0000524,20260126,265,44,4,1,13604.08,5128.76,6385.19,1
CL0000525,20250901,20,7,1,1,13279.62,9111.13,9896.06,1
CL0000526,20250427,186,44,4,1,7904.96,8153.58,7304.04,1
CL0000527,20251220,191,18,1,1,3067.2,1018.43,7124.66,1
CL0000528,20260908,300,29,2,1,1654.98,2179.41,5051.97,1
CL0000529,20250612,184,56,3,1,11735.27,8904.46,3240.19,1
CL0000530,20260601,195,49,4,1,10085.71,8464.58,997.66,1
CL0000531,20250317,197,10,1,1,14379.7,1603.08,5231.79,1
CL0000532,20250525,46,34,1,1,10839.79,7801.95,683.97,1
CL0000533,20260708,51,19,4,1,11392.6,3713.07,5948.54,1
CL0000534,20250710,193,27,2,1,193.65,5628.99,4544.42,1
CL0000535,20260906,2,58,1,1,4546.68,11892.3,5278.98,1
CL0000536,20260829,51,57,3,1,10991.83,10105.89,402.33,1
CL0000537,20250822,72,56,3,1,14726.69,5663.46,1480.79,1
CL0000538,20250426,130,13,4,1,14329.88,5739.03,4760.03,1
CL0000539,20260315,246,26,4,1,1640.58,1262.0,7583.41,1
CL0000540,20250125,132,51,2,1,14849.57,3867.06,2009.1,1
CL0000541,20260604,248,45,3,1,7125.36,2393.74,1958.12,1
CL0000542,20250811,53,31,4,1,8252.76,1072.54,1608.1,1
CL0000543,20250109,6,6,3,1,12582.31,10536.32,947.2,1
CL0000544,20250329,252,2,3,1,2870.35,9556.98,5464.31,1
CL0000545,20250103,142,10,4,1,2863.07,3531.33,7106.89,1
CL0000546,20260416,41,8,1,1,11433.59,5457.58,5550.43,1
CL0000547,20260402,220,52,1,1,14730.99,11330.98,5952.63,1
CL0000548,20250820,226,11,4,1,13843.48,776.8,4471.55,1
CL0000549,20250917,216,41,4,1,10923.59,11376.46,5024.5,1
CL0000550,20260314,157,23,4,1,9560.57,6811.46,5385.99,1
CL0000551,20251024,232,11,4,1,5658.87,164.81,5082.07,1
CL0000552,20260716,215,39,3,1,4107.02,6180.34,4171.47,1
CL0000553,20261001,158,36,1,1,1928.51,11614.5,4184.09,1
CL0000554,20250825,145,14,3,1,6837.41,653.86,6491.03,1
CL0000555,20260630,231,53,3,1,4405.78,200.41,8161.16,1
CL0000556,20261106,45,18,2,1,13559.02,4509.16,5276.62,1
CL0000557,20260706,115,44,2,1,10886.0,3864.1,2084.22,1
CL0000558,20261218,185,19,1,1,5293.11,822.28,7637.16,1
CL0000559,20250601,256,27,2,1,4721.07,6013.13,830.69,1
CL0000560,20260301,178,48,2,1,6239.55,11070.34,3183.09,1
CL0000561,20260720,81,2,4,1,2825.28,4142.64,1120.56,1
CL0000562,20260101,114,31,1,1,14120.43,5555.15,4063.77,1
CL0000563,20250916,19,48,3,1,4329.83,10698.76,7740.22,1
CL0000564,20250227,70,18,2,1,12798.48,338.78,1016.2,1
CL0000565,20260714,90,36,3,1,11425.76,3962.19,323.41,1
CL0000566,20260423,74,40,1,1,13029.52,10930.44,106.21,1
CL0000567,20260702,58,56,1,1,4663.39,11433.06,6899.82,1
CL0000568,20261231,21,27,2,1,7011.11,2529.32,4076.56,1
CL0000569,20260601,199,4,4,1,10864.37,1273.67,4637.84,1
CL0000570,20260204,123,53,1,1,12309.62,9160.01,6835.97,1
CL0000571,20260717,216,28,4,1,8769.02,2910.21,9874.09,1
CL0000572,20250704,269,52,1,1,3280.6,9310.54,2430.27,1
CL0000573,20250924,236,32,4,1,10613.03,1233.85,552.12,1
CL0000574,20250423,185,50,1,1,14715.99,2673.44,4959.38,1
CL0000575,20250223,125,29,1,1,4712.0,11173.7,5193.37,1
CL0000576,20260303,16,25,4,1,1061.83,2140.0,4142.64,1
CL0000577,20250523,1,35,2,1,7136.59,9036.52,7993.74,1
CL0000578,20250103,161,49,2,1,11935.73,1098.59,2941.7,1
CL0000579,20251130,114,8,1,1,12236.68,10431.26,7209.64,1
CL0000580,20250427,297,28,3,1,14887.64,8186.12,844.19,1
CL0000581,20250111,287,44,4,1,6185.0,2640.46,3474.28,1
CL0000582,20250418,186,55,1,1,14631.94,10068.59,9496.52,1
CL0000583,20251102,280,14,4,1,12672.23,1150.58,1723.46,1
CL0000584,20261031,86,50,4,1,13168.08,2053.62,9901.59,1
CL0000585,20260724,193,39,4,1,7023.82,8129.42,708.37,1
CL0000586,20260606,41,47,4,1,5116.51,5328.07,9581.4,1
CL0000587,20250325,100,25,2,1,8236.68,948.68,1586.63,1
CL0000588,20260721,201,38,4,1,297.16,7549.98,3251.48,1
CL0000589,20260704,61,48,4,1,9622.83,3502.29,3074.64,1
CL0000590,20260102,36,2,1,1,2689.54,3877.9,5965.9,1
CL0000591,20250623,247,24,2,1,3420.63,3046.35,5642.53,1
CL0000592,20260603,37,8,1,1,5864.77,5683.32,8066.31,1
CL0000593,20260811,106,43,1,1,7315.1,4203.39,9254.04,1
CL0000594,20260101,91,58,4,1,10828.46,7702.1,3598.17,1
CL0000595,20260618,201,12,1,1,8214.57,5486.73,2409.99,1
CL0000596,20251020,85,53,3,1,11199.09,3522.03,5717.73,1
CL0000597,20260511,167,14,2,1,6872.75,10749.31,6327.56,1
CL0000598,20250416,290,11,4,1,4566.87,2129.09,4191.94,1
CL0000599,20250817,152,36,3,1,9697.99,3121.3,5149.06,1
CL0000600,20260321,200,45,1,1,2859.65,10721.44,8989.21,1
CL0000601,20250222,115,9,3,1,4626.92,10303.67,2803.39,1
CL0000602,20251210,110,39,4,1,10546.61,986.87,7475.3,1
CL0000603,20251213,79,25,4,1,8475.57,4201.68,1619.83,1
CL0000604,20251225,282,28,4,1,2008.78,4087.54,9345.08,1
CL0000605,20250927,217,52,3,1,10795.49,10287.88,7013.47,1
CL0000606,20261025,253,2,1,1,8998.73,1027.99,309.48,1
CL0000607,20260116,196,45,4,1,14898.03,922.0,6210.52,1
CL0000608,20261101,293,12,2,1,4602.34,6508.84,9262.0,1
CL0000609,20261206,90,52,1,1,2179.72,6354.25,3238.3,1
CL0000610,20251022,225,58,4,1,7268.84,4224.73,4977.08,1
CL0000611,20251205,274,22,1,1,3589.23,2271.53,5335.05,1
CL0000612,20250930,32,47,1,1,10527.42,1570.02,3583.86,1
CL0000613,20251001,182,52,1,1,14016.56,467.4,8477.05,1
CL0000614,20251217,164,5,1,1,7243.43,6444.59,4869.2,1
CL0000615,20260605,264,35,1,1,1572.19,6246.49,8692.35,1
CL0000616,20250924,120,20,2,1,11762.68,2159.72,4444.94,1
CL0000617,20251111,80,21,1,1,9553.48,8739.6,2652.04,1
CL0000618,20251116,228,22,1,1,4421.66,1579.18,909.47,1
CL0000619,20250616,217,10,3,1,9498.39,8444.62,5603.84,1
CL0000620,20250328,5,42,4,1,12234.68,3819.86,996.71,1
CL0000621,20250129,114,23,1,1,9023.16,9937.9,1560.61,1
CL0000622,20250112,219,33,2,1,2260.43,7465.51,960.85,1
CL0000623,20260501,252,45,1,1,8207.34,9526.42,3809.15,1
CL0000624,20260502,268,48,1,1,976.01,6585.61,1324.51,1
CL0000625,20250915,43,22,2,1,5776.39,5426.48,5245.51,1
CL0000626,20251226,275,51,4,1,8451.46,7436.39,2876.12,1
CL0000627,20250114,162,5,3,1,3382.78,3048.57,1509.83,1
CL0000628,20251123,104,55,4,1,10094.13,242.32,8483.13,1
CL0000629,20261104,187,53,2,1,9482.89,10515.94,3924.01,1
CL0000630,20260329,68,10,4,1,9571.11,11291.21,6415.33,1
CL0000631,20250716,263,10,3,1,3699.56,4497.86,4405.39,1
CL0000632,20250418,241,60,2,1,4667.2,7828.47,9399.38,1
CL0000633,20250806,81,1,2,1,10252.19,3992.37,6096.67,1
CL0000634,20261004,234,59,3,1,13322.06,10249.63,5398.6,1
CL0000635,20251119,97,23,2,1,561.6,11231.48,1142.56,1
CL0000636,20250221,142,18,2,1,13312.97,6380.49,3904.15,1
CL0000637,20250222,269,41,3,1,5237.1,10049.32,9619.22,1
CL0000638,20260331,225,29,4,1,9691.3,9069.47,5491.24,1
CL0000639,20260917,258,26,4,1,2385.25,3971.48,5414.01,1
CL0000640,20250418,213,20,2,1,2324.15,11190.75,4709.31,1
CL0000641,20250401,92,2,4,1,112.4,3123.67,6563.45,1
CL0000642,20261003,17,30,3,1,1265.48,11833.27,5928.27,1
CL0000643,20261219,254,47,1,1,14221.29,1558.37,8279.66,1
CL0000644,20261211,269,22,1,1,5072.65,2830.28,230.22,1
CL0000645,20260301,131,3,4,1,6549.64,3273.09,9110.02,1
CL0000646,20250926,99,41,1,1,12670.81,684.92,3085.81,1
CL0000647,20260516,28,45,3,1,9465.74,5069.74,648.95,1
CL0000648,20250714,8,3,2,1,6023.63,11562.51,2984.56,1
CL0000649,20260418,251,40,2,1,7299.08,2440.48,8933.36,1
CL0000650,20261028,215,26,1,1,10266.3,219.69,7515.76,1
CL0000651,20261013,284,18,1,1,10065.39,1655.86,3109.75,1
CL0000652,20261221,261,32,4,1,2039.14,11151.76,5283.46,1
CL0000653,20260712,71,1,2,1,13840.84,3271.59,4789.0,1
CL0000654,20260730,221,34,3,1,12003.25,9321.79,9707.41,1
CL0000655,20251009,133,26,2,1,4352.32,3337.26,4015.39,1
CL0000656,20250910,296,13,1,1,13146.44,4084.54,2616.4,1
CL0000657,20251206,43,44,4,1,604.66,6578.26,2116.57,1
CL0000658,20250603,225,53,4,1,10299.12,5881.97,8192.82,1
CL0000659,20260726,124,36,1,1,5613.53,3594.35,376.39,1
CL0000660,20260618,119,1,4,1,5385.53,8822.64,6266.29,1
CL0000661,20250428,283,24,3,1,12321.17,9533.9,9733.44,1
CL0000662,20260705,158,52,1,1,8377.24,4955.99,3203.24,1
CL0000663,20250108,137,32,3,1,1182.02,3591.48,5923.29,1
CL0000664,20250311,15,1,4,1,14432.78,3527.19,2015.0,1
CL0000665,20250208,65,34,1,1,10418.29,3525.54,8947.01,1
CL0000666,20260209,247,57,1,1,8719.41,2832.52,4708.66,1
CL0000667,20260713,115,18,4,1,4773.1,3808.56,8086.7,1
CL0000668,20251208,125,58,4,1,12664.35,6234.53,2996.89,1
CL0000669,20260122,74,21,1,1,10776.96,255.92,9008.86,1
CL0000670,20260105,129,36,1,1,10714.06,2580.02,1836.98,1
CL0000671,20250511,120,18,1,1,7661.25,7509.03,4781.35,1
CL0000672,20260214,194,56,1,1,8660.41,306.02,9435.22,1
CL0000673,20250117,27,20,3,1,6761.02,5906.8,7173.42,1
CL0000674,20260209,112,6,3,1,7295.77,9551.52,7159.15,1
CL0000675,20251125,198,47,2,1,13962.73,3915.73,1736.25,1
CL0000676,20260211,179,47,3,1,13571.95,8198.33,8726.82,1
CL0000677,20250325,41,42,3,1,4132.99,4655.72,7060.11,1
CL0000678,20260308,261,30,2,1,12909.99,8312.51,1313.29,1
CL0000679,20251116,91,34,1,1,13409.59,9539.02,2450.27,1
CL0000680,20250327,89,22,2,1,13107.74,749.03,1889.06,1
CL0000681,20260703,273,60,3,1,3537.11,3784.26,3568.68,1
CL0000682,20251208,181,29,2,1,13814.15,10608.28,4334.49,1
CL0000683,20260825,242,31,1,1,1293.83,857.55,7732.91,1
CL0000684,20260516,73,16,4,1,7153.82,6052.94,5968.05,1
CL0000685,20260223,124,15,3,1,9899.5,9958.65,2195.31,1
CL0000686,20260417,184,40,3,1,3527.38,1158.97,8201.49,1
CL0000687,20250304,166,1,4,1,11204.93,9226.23,4757.52,1
CL0000688,20260829,276,41,4,1,4768.15,5989.39,5331.22,1
CL0000689,20260406,237,11,1,1,219.84,11291.69,6718.49,1
CL0000690,20251024,119,9,4,1,9570.41,2312.29,4458.09,1
CL0000691,20250806,88,54,3,1,122.33,1796.53,1146.78,1
CL0000692,20260205,8,37,2,1,9766.9,3221.07,9552.6,1
CL0000693,20250810,238,5,3,1,3046.85,623.76,9231.2,1
CL0000694,20250215,68,49,1,1,14449.04,6026.1,7673.23,1
CL0000695,20250407,79,42,2,1,10715.56,279.91,1747.35,1
CL0000696,20250921,161,37,3,1,9760.69,2126.86,9404.32,1
CL0000697,20260902,29,37,4,1,369.46,8947.87,3711.04,1
CL0000698,20260403,108,3,1,1,5876.13,962.29,6965.37,1
CL0000699,20250308,208,53,1,1,5437.01,4127.8,842.35,1
CL0000700,20260823,161,28,3,1,14605.45,8414.78,3965.2,1
CL0000701,20260204,61,52,1,1,13742.56,7418.8,7687.05,1
CL0000702,20251016,192,43,2,1,2190.17,3796.02,1145.43,1
CL0000703,20250808,109,7,2,1,9077.08,6083.48,5829.75,1
CL0000704,20251226,43,10,1,1,14442.42,8457.32,3570.53,1
CL0000705,20260323,262,41,2,1,4996.76,9651.87,4109.96,1
CL0000706,20250321,74,28,1,1,13482.61,797.03,8931.98,1
CL0000707,20261109,35,31,3,1,280.64,1135.97,2218.28,1
CL0000708,20250216,164,58,4,1,3579.94,3311.41,6107.95,1
CL0000709,20251227,236,13,3,1,7602.87,4185.95,1062.01,1
CL0000710,20250221,44,27,4,1,712.88,9957.97,2318.8,1
CL0000711,20250924,194,52,2,1,251.69,7864.11,8071.18,1
CL0000712,20250612,218,48,1,1,13566.22,9332.83,6105.03,1
CL0000713,20260713,225,36,3,1,9015.12,1427.71,3672.65,1
CL0000714,20250302,155,50,1,1,1201.28,8040.62,2945.56,1
CL0000715,20250110,150,29,3,1,2387.38,4556.91,6037.51,1
CL0000716,20251104,195,21,1,1,5229.37,5414.05,6269.81,1
CL0000717,20260715,22,34,1,1,3802.76,2314.61,689.65,1
CL0000718,20250622,48,45,2,1,2819.17,3346.47,4982.19,1
CL0000719,20250428,235,15,2,1,2695.53,6868.28,5454.4,1
CL0000720,20250319,281,9,4,1,8190.25,2144.62,7520.21,1
CL0000721,20260724,62,23,1,1,4083.54,2925.51,3403.71,1
CL0000722,20250805,294,17,2,1,8793.94,2832.33,4433.26,1
CL0000723,20260523,66,13,1,1,5349.51,8133.5,8754.27,1
CL0000724,20260114,197,39,1,1,2391.24,267.38,9857.66,1
CL0000725,20250719,132,41,2,1,13105.51,8386.28,9509.93,1
CL0000726,20251101,111,10,2,1,7689.22,741.81,2662.94,1
CL0000727,20250521,257,22,4,1,14475.37,3865.71,8353.83,1
CL0000728,20260831,215,59,4,1,2082.28,11344.17,588.84,1
CL0000729,20260326,90,37,3,1,9651.76,7060.35,5395.61,1
CL0000730,20250526,100,57,3,1,10176.77,986.16,7155.72,1
CL0000731,20260314,214,54,1,1,12719.68,5810.45,3124.37,1
CL0000732,20250122,198,14,3,1,6423.84,6376.4,4681.07,1
CL0000733,20250606,231,23,2,1,5007.23,5203.27,7418.72,1
CL0000734,20260408,127,32,3,1,11126.15,3506.55,7019.42,1
CL0000735,20260426,125,25,2,1,4390.52,4913.57,6863.66,1
CL0000736,20261008,193,35,2,1,6017.06,4428.2,4656.35,1
CL0000737,20250524,65,21,1,1,4364.91,2844.35,310.49,1
CL0000738,20250805,272,48,4,1,9318.12,1852.73,7407.68,1
CL0000739,20250924,153,20,3,1,11592.11,2013.96,502.13,1
CL0000740,20250818,78,16,1,1,9002.69,6117.33,7075.13,1
CL0000741,20260825,176,9,3,1,3782.12,6625.27,1061.6,1
CL0000742,20260304,160,58,4,1,11326.62,10243.66,6904.97,1
CL0000743,20260604,112,41,2,1,11933.3,5323.62,8744.14,1
CL0000744,20250220,94,8,3,1,7921.94,1116.43,447.05,1
CL0000745,20250330,157,49,2,1,10958.14,1494.73,7909.93,1
CL0000746,20260223,271,48,1,1,9113.07,5939.13,2398.04,1
CL0000747,20261105,2,21,1,1,9753.94,232.86,2172.76,1
CL0000748,20261114,285,16,2,1,7270.38,2072.77,8059.2,1
CL0000749,20261006,297,49,4,1,13355.53,1303.47,3045.72,1
CL0000750,20260503,98,54,3,1,497.89,4123.99,1340.82,1
CL0000751,20250101,157,38,1,1,5320.28,7806.6,5430.34,1
CL0000752,20250911,220,11,2,1,12719.89,1550.75,4613.08,1
CL0000753,20260704,122,47,2,1,1567.87,6978.49,425.97,1
CL0000754,20250520,73,29,3,1,3446.9,918.47,3078.47,1
CL0000755,20260818,252,52,2,1,3473.8,10049.9,5249.68,1
CL0000756,20251210,151,9,1,1,2267.47,5018.12,9077.02,1
CL0000757,20260917,83,42,4,1,2491.85,1025.38,6047.66,1
CL0000758,20260405,200,42,4,1,4104.72,1706.76,2300.21,1
CL0000759,20251001,54,58,3,1,12921.34,9135.84,9284.58,1
CL0000760,20250106,217,25,2,1,2660.52,4543.62,9588.2,1
CL0000761,20260703,116,60,3,1,7475.44,2379.02,4800.65,1
CL0000762,20260516,282,53,3,1,1639.01,9053.88,3419.69,1
CL0000763,20251205,86,14,1,1,6923.55,3282.72,579.38,1
CL0000764,20250810,151,58,3,1,5696.57,8150.09,288.26,1
CL0000765,20260208,220,35,2,1,5784.22,8581.6,7766.54,1
CL0000766,20250311,133,52,4,1,5266.44,5425.89,2682.4,1
CL0000767,20251022,117,18,4,1,1353.46,8512.85,811.78,1
CL0000768,20260921,195,18,4,1,11535.13,6476.4,4908.34,1
CL0000769,20260129,205,41,2,1,11002.19,10303.82,783.76,1
CL0000770,20250814,130,47,4,1,3820.16,10650.36,3063.83,1
CL0000771,20250823,208,54,3,1,3726.66,1666.41,6717.58,1
CL0000772,20260113,280,31,2,1,8464.66,9094.59,2459.96,1
CL0000773,20260713,135,30,3,1,14621.14,8469.44,9179.01,1
CL0000774,20251007,242,24,1,1,315.36,5387.02,5392.12,1
CL0000775,20261126,89,19,4,1,5012.42,1965.47,9795.08,1
CL0000776,20261218,139,23,4,1,5552.61,9526.33,2844.17,1
CL0000777,20260210,239,1,4,1,11465.55,3583.78,9208.16,1
CL0000778,20260628,179,21,2,1,1790.22,7494.86,4417.79,1
CL0000779,20250315,42,49,3,1,6196.09,11945.21,3443.22,1
CL0000780,20250520,54,13,4,1,14410.23,5443.5,9467.53,1
CL0000781,20250312,3,46,4,1,1293.34,2610.04,6363.74,1
CL0000782,20250214,184,19,3,1,10579.26,10711.15,8202.95,1
CL0000783,20250709,3,35,3,1,3646.27,6161.14,8514.83,1
CL0000784,20260221,279,48,3,1,12364.42,7143.01,2707.98,1
CL0000785,20250520,292,33,3,1,259.19,9958.69,1013.39,1
CL0000786,20260409,232,1,3,1,10609.33,8486.09,6909.9,1
CL0000787,20250109,34,6,4,1,270.92,11855.89,2801.49,1
CL0000788,20260629,172,52,2,1,4396.19,1749.52,2508.4,1
CL0000789,20251226,266,13,3,1,9769.43,2097.61,2466.02,1
CL0000790,20260310,283,52,4,1,1069.16,10464.55,3965.92,1
CL0000791,20260315,90,43,2,1,8684.87,8698.94,3196.62,1
CL0000792,20260402,188,55,2,1,326.17,7530.64,2331.27,1
CL0000793,20251002,99,36,4,1,14594.62,9941.91,3128.06,1
CL0000794,20260723,241,1,2,1,12834.29,1847.66,4409.22,1
CL0000795,20251225,162,55,2,1,811.59,9807.67,174.88,1
CL0000796,20250317,278,60,4,1,3153.25,8999.56,5522.8,1
CL0000797,20250811,152,60,2,1,10395.24,2651.54,1571.74,1
CL0000798,20250205,64,29,4,1,9110.03,2669.35,4985.53,1
CL0000799,20250504,148,21,3,1,4611.21,1737.98,9535.62,1
CL0000800,20261124,227,52,2,1,1891.63,4715.19,692.97,1
CL0000801,20260210,17,7,1,1,8274.02,3517.61,8236.07,1
CL0000802,20260706,182,40,2,1,14782.8,8962.07,4138.77,1
CL0000803,20260616,183,41,4,1,1261.34,6431.01,7506.32,1
CL0000804,20250331,269,12,3,1,4443.41,6989.44,8401.42,1
CL0000805,20260427,128,58,1,1,2460.13,8407.02,5940.89,1
CL0000806,20260609,264,5,1,1,7449.79,5558.49,5722.68,1
CL0000807,20251110,209,28,3,1,4345.08,4637.1,8954.17,1
CL0000808,20250512,269,35,4,1,9877.05,9323.51,1712.6,1
CL0000809,20250110,118,46,3,1,14227.28,2549.31,4246.69,1
CL0000810,20250117,2,2,4,1,11439.01,5302.4,5772.22,1
CL0000811,20251005,8,41,2,1,642.87,3917.61,1486.47,1
CL0000812,20251208,50,54,3,1,4248.6,3941.5,1187.32,1
CL0000813,20250816,235,38,1,1,4354.46,832.87,320.8,1
CL0000814,20250728,228,35,2,1,10720.98,2898.35,9636.98,1
CL0000815,20260301,276,23,3,1,2968.28,3598.29,4380.15,1
CL0000816,20261125,26,54,4,1,6714.4,943.17,1540.09,1
CL0000817,20261113,260,8,2,1,1747.3,465.58,7140.32,1
CL0000818,20250115,249,46,2,1,762.33,10596.46,2727.55,1
CL0000819,20250529,259,58,2,1,6702.74,11931.48,1152.89,1
CL0000820,20251011,6,53,4,1,7324.3,11775.07,6591.16,1
CL0000821,20250629,253,17,4,1,4123.75,7712.2,503.06,1
CL0000822,20250303,146,41,4,1,1534.92,2417.17,1362.66,1
CL0000823,20260424,260,12,1,1,7402.11,8326.16,2775.32,1
CL0000824,20250619,243,52,1,1,2774.99,3905.57,3128.31,1
CL0000825,20260317,260,39,3,1,6814.35,4292.96,7526.21,1
CL0000826,20250128,263,11,1,1,889.61,5239.94,9625.55,1
CL0000827,20250910,69,8,4,1,8996.16,5772.96,3303.08,1
CL0000828,20250324,119,32,4,1,12537.27,167.52,8292.09,1
CL0000829,20260224,272,35,2,1,5075.52,7568.73,6693.88,1
CL0000830,20261023,296,10,1,1,4445.42,11355.31,3987.73,1
CL0000831,20260420,142,50,2,1,7498.18,7103.9,7855.97,1
CL0000832,20250730,180,4,1,1,8867.42,7463.32,6903.05,1
CL0000833,20250611,130,5,3,1,722.66,8726.88,8187.81,1
CL0000834,20261021,280,5,2,1,4861.43,9592.31,9456.07,1
CL0000835,20260524,131,31,2,1,8390.21,7220.46,846.49,1
CL0000836,20250810,113,23,2,1,11518.89,9753.29,1037.46,1
CL0000837,20260701,95,17,2,1,4771.0,7710.97,2345.27,1
CL0000838,20260104,120,42,1,1,1015.67,2443.54,9466.71,1
CL0000839,20250107,267,46,2,1,13399.03,7271.81,2417.13,1
CL0000840,20250804,90,25,4,1,12554.33,4161.9,1320.26,1
CL0000841,20260624,287,22,2,1,14445.82,4459.58,1028.4,1
CL0000842,20261101,207,20,1,1,6657.41,2203.75,9348.85,1
CL0000843,20251227,148,39,2,1,6957.05,11967.03,7828.25,1
CL0000844,20261218,27,55,3,1,3864.4,7369.47,2381.11,1
CL0000845,20261231,211,32,3,1,6714.29,2900.19,6648.34,1
CL0000846,20250313,127,42,2,1,14812.51,535.11,6900.76,1
CL0000847,20260221,105,38,4,1,7282.73,10006.12,6365.12,1
CL0000848,20261011,253,7,3,1,5611.69,4296.23,3476.34,1
CL0000849,20250530,104,19,3,1,14070.43,5502.34,967.75,1
CL0000850,20251025,85,26,2,1,8502.22,4396.13,659.49,1
CL0000851,20260209,156,59,2,1,5026.81,537.69,7192.67,1
CL0000852,20250629,124,37,3,1,13463.79,4167.85,9223.0,1
CL0000853,20250419,160,38,3,1,6717.8,7614.88,7226.79,1
CL0000854,20260125,123,47,4,1,3492.57,11087.02,8403.74,1
CL0000855,20260824,23,21,4,1,156.51,4098.19,6878.54,1
CL0000856,20250623,36,23,3,1,740.01,10879.85,1235.27,1
CL0000857,20260406,237,29,3,1,134.96,6963.28,2900.59,1
CL0000858,20250322,72,36,3,1,3443.62,5310.85,4352.2,1
CL0000859,20261128,45,35,4,1,2685.12,4412.72,1022.86,1
CL0000860,20250321,294,36,2,1,3648.53,294.49,306.53,1
CL0000861,20260213,31,11,1,1,7252.1,3580.79,1407.97,1
CL0000862,20250329,110,49,4,1,10226.98,1859.48,2874.03,1
CL0000863,20260331,172,36,1,1,3523.9,11690.19,9025.78,1
CL0000864,20250423,52,10,4,1,986.05,9837.52,5988.62,1
CL0000865,20251201,247,35,1,1,6026.82,2415.26,175.92,1
CL0000866,20260527,52,13,3,1,2871.97,9690.65,3302.46,1
CL0000867,20250424,238,12,3,1,1103.55,10894.21,9598.12,1
CL0000868,20250131,191,2,4,1,3556.13,8193.38,2742.96,1
CL0000869,20250922,91,27,4,1,12176.87,1140.9,9627.24,1
CL0000870,20260511,128,34,3,1,4602.64,10345.2,728.92,1
CL0000871,20260708,73,34,2,1,819.28,3459.03,3796.14,1
CL0000872,20250305,11,16,1,1,5293.92,983.34,9868.39,1
CL0000873,20261018,5,44,1,1,14373.75,3780.17,9471.82,1
CL0000874,20250810,202,38,3,1,13852.65,11636.56,274.81,1
CL0000875,20260812,215,51,3,1,12272.57,4090.18,942.21,1
CL0000876,20251030,188,55,3,1,14615.33,6485.05,819.93,1
CL0000877,20260214,278,44,3,1,12504.75,7614.08,2297.0,1
CL0000878,20261022,277,15,4,1,10896.66,8959.0,4453.53,1
CL0000879,20250806,211,29,2,1,14485.02,10175.14,2388.31,1
CL0000880,20250610,99,58,2,1,11930.54,10231.89,3769.28,1
CL0000881,20250108,4,6,4,1,1730.18,7091.42,4360.53,1
CL0000882,20261108,206,38,4,1,353.81,618.99,3905.08,1
CL0000883,20260212,170,19,4,1,5196.24,11049.74,191.23,1
CL0000884,20260908,15,45,4,1,2148.82,8926.93,3674.9,1
CL0000885,20260115,122,39,4,1,9435.06,7139.58,2003.17,1
CL0000886,20251206,166,16,3,1,9362.1,4185.88,2279.03,1
CL0000887,20260611,104,58,4,1,14446.28,4493.1,5487.13,1
CL0000888,20251224,254,47,2,1,6195.27,6107.76,2138.58,1
CL0000889,20250914,62,17,2,1,472.06,1556.31,9477.45,1
CL0000890,20250806,39,1,1,1,9496.23,7497.12,2239.06,1
CL0000891,20260224,121,14,2,1,7241.81,3819.83,6835.14,1
CL0000892,20250711,292,54,4,1,4441.81,685.55,9235.32,1
CL0000893,20261106,7,26,2,1,2558.99,2668.76,8891.51,1
CL0000894,20250227,153,47,2,1,2967.28,2074.86,5435.59,1
CL0000895,20250807,75,46,4,1,1604.04,680.09,7816.62,1
CL0000896,20250126,38,16,4,1,8808.36,1211.61,9241.32,1
CL0000897,20250816,169,17,3,1,7258.34,11001.84,180.8,1
CL0000898,20250920,167,46,2,1,141.8,4066.61,6331.17,1
CL0000899,20250623,131,45,2,1,12292.23,8858.73,9969.49,1
CL0000900,20260910,70,60,3,1,13817.99,5383.41,7843.63,1
CL0000901,20250721,97,55,2,1,6742.07,519.24,3242.49,1
CL0000902,20250531,209,45,3,1,14313.75,11402.02,4881.99,1
CL0000903,20250802,209,26,3,1,5938.94,621.74,374.05,1
CL0000904,20260707,72,3,4,1,1774.65,1765.85,9289.41,1
CL0000905,20260303,175,1,1,1,5265.81,5076.47,2733.55,1
CL0000906,20250201,290,29,3,1,9983.67,1509.92,252.17,1
CL0000907,20260127,16,46,2,1,2675.42,2027.66,8390.62,1
CL0000908,20260211,233,60,3,1,1487.8,8287.26,4987.11,1
CL0000909,20250319,229,19,3,1,7051.0,7975.87,2108.42,1
CL0000910,20260316,258,49,1,1,3908.09,4672.87,7847.88,1
CL0000911,20260201,98,45,4,1,1544.36,6608.06,1431.82,1
CL0000912,20260422,168,47,2,1,1476.27,8866.94,7522.5,1
CL0000913,20260903,115,4,1,1,5668.59,2821.96,651.04,1
CL0000914,20250929,275,9,1,1,6305.17,1706.86,5226.87,1
CL0000915,20250222,23,17,4,1,5493.81,2323.99,7487.98,1
CL0000916,20260330,40,31,4,1,10928.66,7791.84,6148.74,1
CL0000917,20260318,50,13,4,1,9262.53,5104.09,1798.12,1
CL0000918,20250705,68,7,4,1,10456.78,8885.38,8627.87,1
CL0000919,20251216,25,57,2,1,12429.44,732.82,4853.84,1
CL0000920,20260606,84,50,3,1,13618.11,6455.89,6482.66,1
CL0000921,20251231,129,11,4,1,6931.11,2931.37,4864.57,1
CL0000922,20260217,207,27,3,1,6349.5,4223.67,7229.45,1
CL0000923,20260307,172,37,4,1,9932.17,3427.48,1150.39,1
CL0000924,20251108,69,53,4,1,9104.69,6061.69,7976.16,1
CL0000925,20260414,172,32,4,1,6116.87,5087.49,6083.83,1
CL0000926,20251226,120,18,1,1,14297.84,9280.31,2586.6,1
CL0000927,20260901,280,45,4,1,10925.6,1800.38,365.34,1
CL0000928,20261101,191,13,2,1,7602.46,2256.83,2662.08,1
CL0000929,20250425,115,39,2,1,5289.69,9367.59,1109.74,1
CL0000930,20250827,29,50,4,1,11043.39,1840.68,7721.21,1
CL0000931,20261029,164,57,1,1,11654.65,11394.67,903.71,1
CL0000932,20250905,95,5,3,1,3912.45,4961.18,4859.52,1
CL0000933,20260416,252,14,4,1,12981.9,911.48,403.96,1
CL0000934,20250826,176,18,1,1,12741.61,6629.44,5698.87,1
CL0000935,20250401,203,13,4,1,14869.67,172.66,9354.53,1
CL0000936,20250128,207,30,2,1,427.56,2752.03,5683.05,1
CL0000937,20260427,200,31,1,1,5564.5,3653.45,5051.97,1
CL0000938,20250215,41,1,3,1,578.48,3497.71,1764.27,1
CL0000939,20260610,81,35,2,1,11804.09,7056.74,4130.76,1
CL0000940,20250120,207,44,2,1,7996.71,7555.82,9354.0,1
CL0000941,20260312,79,12,4,1,6912.9,1264.96,1638.92,1
CL0000942,20260409,146,39,4,1,2869.54,2055.61,2077.82,1
CL0000943,20260814,81,35,1,1,6903.91,3028.08,1005.76,1
CL0000944,20250727,238,57,1,1,3206.78,3359.12,1849.69,1
CL0000945,20250407,44,56,2,1,627.0,1201.28,2039.45,1
CL0000946,20251117,192,3,1,1,2612.18,10277.28,7179.78,1
CL0000947,20260227,151,45,3,1,11174.81,7128.79,6652.64,1
CL0000948,20260930,220,34,4,1,4319.94,5974.65,5535.0,1
CL0000949,20250217,282,5,1,1,14052.34,2430.2,6587.11,1
CL0000950,20251024,20,52,1,1,13475.87,1890.07,3854.41,1
CL0000951,20250607,281,14,4,1,6365.43,3896.68,2838.09,1
CL0000952,20260810,194,36,2,1,10540.21,5659.97,2272.31,1
CL0000953,20260301,271,37,2,1,11797.36,6632.13,4282.4,1
CL0000954,20251208,56,34,1,1,10705.16,2346.48,1148.03,1
CL0000955,20260928,290,41,2,1,4739.52,9990.8,1944.37,1
CL0000956,20251031,229,26,4,1,8846.17,4879.94,2711.56,1
CL0000957,20250530,285,16,4,1,4235.18,10303.51,7325.74,1
CL0000958,20250728,33,36,1,1,13715.43,7954.21,482.96,1
CL0000959,20260817,269,36,1,1,4079.89,10850.63,3429.36,1
CL0000960,20260825,206,14,3,1,8911.35,11545.0,220.51,1
CL0000961,20251020,58,60,2,1,10465.11,1345.05,6621.34,1
CL0000962,20251004,296,49,2,1,3791.72,11896.76,8702.33,1
CL0000963,20260413,143,8,3,1,8776.3,5799.17,4489.91,1
CL0000964,20260609,36,49,2,1,1708.33,9008.25,5900.36,1
CL0000965,20250501,18,19,1,1,12383.76,9645.15,802.0,1
CL0000966,20250305,5,54,3,1,3152.15,9197.16,5375.15,1
CL0000967,20251205,224,32,1,1,3509.46,6770.66,3472.12,1
CL0000968,20250527,220,55,1,1,8702.48,11416.24,1190.09,1
CL0000969,20250806,294,15,3,1,11527.33,3489.56,2632.9,1
CL0000970,20261112,47,15,3,1,5267.97,6691.07,2887.71,1
CL0000971,20251209,6,23,4,1,4714.82,124.87,8846.78,1
CL0000972,20261230,106,42,1,1,7119.7,3852.69,6252.82,1
CL0000973,20250807,63,44,1,1,5022.72,9988.2,6474.86,1
CL0000974,20251119,91,14,1,1,6228.75,10349.09,2280.66,1
CL0000975,20260426,49,25,2,1,14016.63,4516.69,9502.99,1
CL0000976,20261102,1,24,4,1,2890.99,1741.04,2975.22,1
CL0000977,20260703,91,28,4,1,14249.74,8479.1,2882.77,1
CL0000978,20260305,248,43,4,1,10024.57,9876.41,6948.93,1
CL0000979,20260912,29,13,3,1,1211.38,6715.81,457.99,1
CL0000980,20261027,246,21,3,1,4223.88,5643.63,9569.97,1
CL0000981,20250630,229,20,4,1,8130.18,3937.1,2705.75,1
CL0000982,20260827,194,36,2,1,4192.77,924.33,7624.84,1
CL0000983,20260215,119,50,4,1,2210.35,1960.18,6697.31,1
CL0000984,20261214,83,37,2,1,14838.37,9932.2,6963.43,1
CL0000985,20251231,70,25,4,1,5224.88,6644.84,6541.27,1
CL0000986,20260129,262,16,2,1,12458.34,10999.41,7230.23,1
CL0000987,20250321,213,21,4,1,1056.27,6674.07,3692.51,1
CL0000988,20261119,126,19,4,1,1338.03,3430.54,3336.4,1
CL0000989,20250701,227,39,1,1,11816.86,2381.35,3404.01,1
CL0000990,20250823,121,19,3,1,4414.78,11693.42,5864.91,1
CL0000991,20260709,87,12,1,1,7160.71,11080.62,6872.74,1
CL0000992,20260912,243,14,1,1,12603.54,2936.35,9294.59,1
CL0000993,20260309,278,31,1,1,14945.96,1845.23,2904.14,1
CL0000994,20260226,90,35,1,1,7701.84,8679.27,5049.96,1
CL0000995,20250206,105,50,4,1,10649.16,9357.07,3426.03,1
CL0000996,20260916,144,13,3,1,9217.23,9631.44,6134.26,1
CL0000997,20251007,271,8,4,1,11411.31,6035.96,2939.05,1
CL0000998,20260507,283,58,1,1,11108.37,4232.73,4517.13,1
CL0000999,20260817,167,16,2,1,11724.26,1425.96,3068.61,1
CL0001000,20250806,59,26,2,1,444.96,5640.89,9864.0,1
CL0001001,20260312,116,42,4,1,6923.81,1434.31,402.73,1
CL0001002,20260622,1,29,4,1,11480.82,2228.92,6180.94,1
CL0001003,20260110,139,2,4,1,1789.6,3495.84,1871.06,1
CL0001004,20251120,243,52,3,1,11727.69,5824.51,9684.71,1
CL0001005,20250406,139,50,1,1,4782.58,11181.32,9655.93,1
CL0001006,20250101,30,27,2,1,8982.11,7335.27,4857.53,1
CL0001007,20261026,12,31,4,1,12039.75,2153.85,4813.34,1
CL0001008,20261201,54,11,1,1,13164.41,8974.79,1945.0,1
CL0001009,20260910,50,8,2,1,7374.04,7912.11,9603.59,1
CL0001010,20261209,88,9,4,1,2884.84,11675.88,9297.16,1
CL0001011,20251025,243,46,2,1,2559.59,4368.47,6941.62,1
CL0001012,20250129,20,39,1,1,2590.79,6259.27,1941.4,1
CL0001013,20251116,298,25,3,1,4098.37,848.67,2062.12,1
CL0001014,20250127,167,25,2,1,3178.89,9046.9,5638.94,1
CL0001015,20260226,264,32,4,1,12258.94,4842.54,3483.79,1
CL0001016,20250413,262,51,2,1,8084.87,11579.88,1726.52,1
CL0001017,20260801,89,22,2,1,3791.63,5331.17,5728.56,1
CL0001018,20260422,74,3,3,1,5071.23,1803.19,1778.12,1
CL0001019,20260309,188,34,4,1,4702.13,2612.65,7740.56,1
CL0001020,20250914,136,12,1,1,7171.76,446.9,562.3,1
CL0001021,20260413,60,10,2,1,8985.33,8516.33,4990.12,1
CL0001022,20251205,298,50,1,1,13433.66,7949.84,3908.05,1
CL0001023,20261022,11,23,4,1,8383.67,10379.76,8581.61,1
CL0001024,20250327,294,37,4,1,3080.81,3595.84,6263.52,1
CL0001025,20260720,82,29,4,1,6282.68,1782.72,3948.51,1
CL0001026,20250809,32,44,3,1,3080.75,9184.42,2284.54,1
CL0001027,20250814,124,36,4,1,14675.68,3688.03,5348.41,1
CL0001028,20261215,215,21,3,1,12658.63,6983.9,8128.17,1
CL0001029,20261109,67,29,4,1,11184.06,11776.63,5260.77,1
CL0001030,20251118,270,13,2,1,11121.12,7402.54,3792.75,1
CL0001031,20260725,93,44,4,1,13021.1,5800.2,7635.58,1
CL0001032,20260709,184,30,2,1,12089.12,159.15,1868.58,1
CL0001033,20261115,162,47,1,1,1983.36,5140.41,4996.06,1
CL0001034,20260324,279,1,1,1,12021.19,10465.68,6892.05,1
CL0001035,20260621,177,27,4,1,14344.06,5132.05,8138.15,1
CL0001036,20261122,294,59,1,1,10899.17,2000.02,6653.01,1
CL0001037,20250119,264,31,2,1,6877.17,1474.25,2454.95,1
CL0001038,20250314,268,8,1,1,6402.65,9555.57,5639.35,1
CL0001039,20250412,43,43,2,1,6657.4,1232.19,8608.15,1
CL0001040,20250217,274,53,2,1,1666.94,2429.39,6223.72,1
CL0001041,20251010,112,27,1,1,8960.0,4318.21,8160.06,1
CL0001042,20260803,224,9,2,1,14054.84,1693.79,5247.09,1
CL0001043,20260910,160,30,4,1,5912.44,6703.15,241.78,1
CL0001044,20250515,115,15,2,1,11741.26,11077.96,8587.82,1
CL0001045,20260227,22,31,3,1,12189.26,3836.53,5268.92,1
CL0001046,20250415,25,27,4,1,13278.04,8333.03,4243.36,1
CL0001047,20261206,56,47,3,1,5396.84,5908.64,828.18,1
CL0001048,20251215,162,23,4,1,6946.66,6207.34,3670.38,1
CL0001049,20260604,55,22,2,1,9809.98,1831.61,1094.75,1
CL0001050,20260104,153,58,3,1,1160.96,6048.05,8318.89,1
CL0001051,20260915,166,12,4,1,11624.53,7175.8,6420.4,1
CL0001052,20250730,67,31,1,1,2978.22,955.07,5219.76,1
CL0001053,20260129,215,39,1,1,8716.84,1508.82,5165.09,1
CL0001054,20260430,224,12,4,1,2811.37,10075.62,4141.44,1
CL0001055,20260920,128,20,1,1,5884.78,10705.03,398.8,1
CL0001056,20260802,278,55,3,1,13241.91,8021.85,8539.07,1
CL0001057,20251019,133,53,4,1,10984.78,4572.6,6271.58,1
CL0001058,20250205,146,46,3,1,1361.56,5460.35,6664.13,1
CL0001059,20260922,120,24,4,1,7830.19,11952.29,4766.74,1
CL0001060,20260821,264,41,4,1,3143.86,3896.41,790.02,1
CL0001061,20251005,255,29,3,1,1950.11,7760.62,2138.98,1
CL0001062,20260903,193,3,3,1,11477.9,728.45,8964.61,1
CL0001063,20260212,174,25,3,1,1826.75,11768.15,1634.86,1
CL0001064,20260518,299,9,1,1,7194.46,11402.39,2754.95,1
CL0001065,20251221,168,11,2,1,14621.76,11676.07,5146.55,1
CL0001066,20260523,182,54,3,1,6996.15,9263.91,5172.23,1
CL0001067,20260607,276,44,4,1,1987.5,8334.0,9915.03,1
CL0001068,20250513,249,2,2,1,2804.11,10974.63,1443.81,1
CL0001069,20250530,278,51,3,1,1964.55,5849.86,7853.02,1
CL0001070,20261206,103,18,2,1,8571.63,8661.65,5714.33,1
CL0001071,20260524,111,42,2,1,8584.48,8782.95,4392.21,1
CL0001072,20261212,40,19,4,1,5612.1,3198.66,7662.88,1
CL0001073,20261102,192,14,4,1,8013.86,5797.23,1223.56,1
CL0001074,20251029,117,59,3,1,1811.55,5633.08,6367.84,1
CL0001075,20250118,57,57,2,1,11831.37,543.97,3850.96,1
CL0001076,20260131,205,12,4,1,6033.47,11975.35,455.28,1
CL0001077,20250619,12,3,1,1,11773.7,7935.43,1527.87,1
CL0001078,20260802,134,19,1,1,14549.37,8285.7,7551.91,1
CL0001079,20260730,103,12,2,1,3950.77,9175.78,9659.64,1
CL0001080,20260727,195,42,2,1,2538.33,4845.77,2914.65,1
CL0001081,20250716,97,4,4,1,11973.91,800.74,8746.56,1
CL0001082,20260515,152,15,1,1,5178.8,8382.99,5397.02,1
CL0001083,20260327,268,5,3,1,8632.26,3360.46,7813.85,1
CL0001084,20250708,298,16,2,1,6109.38,2006.7,7677.06,1
CL0001085,20251126,277,55,3,1,3312.53,1062.5,2515.25,1
CL0001086,20250111,44,59,3,1,10645.75,4520.09,1101.83,1
CL0001087,20260507,153,55,1,1,1015.17,7509.75,5261.49,1
CL0001088,20261019,40,44,1,1,4662.92,9538.21,7530.92,1
CL0001089,20250309,32,20,4,1,11959.44,4750.36,6128.55,1
CL0001090,20250722,25,7,3,1,8048.63,650.02,3354.91,1
CL0001091,20250326,250,52,3,1,8291.26,9909.77,4554.56,1
CL0001092,20250616,119,46,4,1,10143.41,1358.15,7171.6,1
CL0001093,20260206,1,34,1,1,3194.63,10486.22,6031.07,1
CL0001094,20251215,221,4,4,1,10070.0,1449.12,2459.14,1
CL0001095,20260114,242,29,1,1,14304.47,4271.8,4281.97,1
CL0001096,20251210,237,6,1,1,14144.73,725.77,9389.39,1
CL0001097,20260315,268,55,1,1,5675.16,10358.16,3690.56,1
CL0001098,20260720,153,40,4,1,9231.24,11698.05,2728.83,1
CL0001099,20260917,236,12,2,1,9141.01,3702.99,2877.13,1
CL0001100,20250522,56,25,2,1,708.51,4687.94,4517.38,1
CL0001101,20260903,151,48,2,1,8944.77,3177.78,4893.19,1
CL0001102,20260816,18,59,1,1,754.93,7440.68,8446.65,1
CL0001103,20260806,230,27,1,1,840.38,522.97,1675.92,1
CL0001104,20260811,108,41,1,1,14663.25,2939.07,2409.81,1
CL0001105,20250927,48,48,4,1,12948.16,5521.41,5778.36,1
CL0001106,20250707,164,10,1,1,13786.94,8004.75,7849.42,1
CL0001107,20251004,206,35,4,1,12743.23,4699.52,2311.88,1
CL0001108,20260110,56,26,2,1,9090.89,6141.39,2250.2,1
CL0001109,20261015,177,12,4,1,3197.94,7004.42,6306.68,1
CL0001110,20261014,131,39,2,1,8950.3,5983.68,1732.81,1
CL0001111,20250217,192,54,3,1,12584.57,3537.95,7896.91,1
CL0001112,20251210,128,35,4,1,14312.16,9031.74,4534.99,1
CL0001113,20260326,272,57,4,1,5792.95,11677.69,6775.11,1
CL0001114,20250818,182,53,2,1,551.68,2609.72,1260.42,1
CL0001115,20260730,28,3,4,1,10066.38,2404.49,6835.19,1
CL0001116,20251225,200,52,1,1,8620.17,5102.27,4981.49,1
CL0001117,20261203,18,14,1,1,425.18,6776.01,5252.68,1
CL0001118,20260909,138,40,2,1,5479.69,963.05,1087.09,1
CL0001119,20250426,272,26,2,1,12321.06,3583.26,5466.51,1
CL0001120,20250523,87,27,3,1,14635.25,2869.35,4581.6,1
CL0001121,20250303,131,53,3,1,9176.2,7065.92,980.43,1
CL0001122,20260311,126,22,1,1,6864.26,11409.08,5937.51,1
CL0001123,20260524,268,27,2,1,10480.56,1869.09,3580.29,1
CL0001124,20260731,171,24,2,1,4889.43,5613.47,2422.81,1
CL0001125,20260119,264,53,1,1,5282.79,8937.05,2864.09,1
CL0001126,20260605,120,56,1,1,14992.49,7022.77,7797.15,1
CL0001127,20260308,11,52,2,1,136.03,4824.66,9929.44,1
CL0001128,20250114,208,10,3,1,12590.44,9397.92,1006.48,1
CL0001129,20250329,24,33,3,1,10241.25,2722.64,8034.54,1
CL0001130,20250517,130,36,1,1,8808.13,1982.51,209.21,1
CL0001131,20250213,120,59,2,1,7622.94,11859.32,232.92,1
CL0001132,20260211,71,24,2,1,9436.89,10086.12,281.37,1
CL0001133,20260713,27,43,4,1,625.3,11966.57,6295.69,1
CL0001134,20260203,182,42,1,1,14975.18,11136.98,7761.66,1
CL0001135,20260930,198,7,3,1,10084.99,5444.96,6179.3,1
CL0001136,20250105,122,9,4,1,628.27,9980.65,9470.98,1
CL0001137,20260407,269,47,4,1,2288.53,9991.59,8337.31,1
CL0001138,20260114,291,58,1,1,9793.23,10505.57,9465.19,1
CL0001139,20250927,299,50,2,1,1645.06,11122.53,1700.74,1
CL0001140,20250828,13,55,4,1,6532.23,7171.94,4818.02,1
CL0001141,20250417,270,18,4,1,11412.63,6807.91,7213.06,1
CL0001142,20250718,3,21,2,1,5348.28,6057.07,886.71,1
CL0001143,20260721,127,59,2,1,2399.48,5503.64,3625.17,1
CL0001144,20250110,176,13,2,1,213.52,4960.06,201.57,1
CL0001145,20260721,100,41,2,1,3593.81,11000.81,1081.47,1
CL0001146,20260316,150,12,4,1,938.22,2262.85,51.89,1
CL0001147,20260207,194,47,3,1,3399.26,9948.58,7369.48,1
CL0001148,20250301,96,51,3,1,14107.48,5043.66,865.07,1
CL0001149,20261231,274,1,3,1,6136.25,11320.17,5881.82,1
CL0001150,20260626,101,9,1,1,9132.84,9327.58,4171.07,1
CL0001151,20261011,169,24,2,1,5086.43,11693.77,6377.87,1
CL0001152,20250315,29,17,1,1,4143.92,4135.97,2973.27,1
CL0001153,20260319,220,11,1,1,3409.56,2468.73,5882.14,1
CL0001154,20250324,121,34,1,1,12551.6,6571.01,813.78,1
CL0001155,20250706,263,60,3,1,11790.34,4335.52,5428.42,1
CL0001156,20261029,131,48,3,1,7972.01,1112.48,5427.24,1
CL0001157,20251004,65,29,1,1,12977.88,6088.85,5605.99,1
CL0001158,20260421,207,49,2,1,11257.69,11081.5,9387.17,1
CL0001159,20260104,42,33,2,1,12106.57,10608.41,9964.55,1
CL0001160,20260104,300,45,4,1,7644.87,549.17,1677.17,1
CL0001161,20250104,222,39,3,1,6297.83,4245.75,6065.81,1
CL0001162,20260213,26,37,3,1,11489.61,9633.15,5049.39,1
CL0001163,20260519,251,19,2,1,3129.97,737.08,5088.52,1
CL0001164,20250815,87,23,1,1,2409.55,5723.98,1078.12,1
CL0001165,20250107,300,45,1,1,2206.67,619.72,4155.47,1
CL0001166,20251005,18,32,2,1,9754.9,4765.68,6701.07,1
CL0001167,20250601,173,27,1,1,6747.0,7902.36,9402.14,1
CL0001168,20260613,131,39,4,1,6912.54,1937.7,2353.94,1
CL0001169,20250919,71,2,3,1,9625.64,2798.98,2312.59,1
CL0001170,20250915,298,10,2,1,7238.86,1658.52,3664.77,1
CL0001171,20260412,281,46,3,1,12694.54,1740.92,160.2,1
CL0001172,20260304,47,50,2,1,14682.52,1193.36,8730.34,1
CL0001173,20250613,247,32,3,1,5521.56,1403.38,4572.98,1
CL0001174,20260518,260,37,2,1,12283.64,560.65,1505.66,1
CL0001175,20251206,262,34,1,1,12790.77,173.64,3275.93,1
CL0001176,20250906,167,8,4,1,6692.54,1046.72,1735.04,1
CL0001177,20251016,234,59,2,1,6097.69,9847.34,8758.97,1
CL0001178,20260410,47,50,1,1,3238.02,8324.89,6445.68,1
CL0001179,20250531,177,43,4,1,14821.59,6776.44,2865.44,1
CL0001180,20250917,107,34,1,1,11224.88,1556.63,5688.8,1
CL0001181,20260308,58,21,2,1,3346.7,9447.98,2394.14,1
CL0001182,20250107,38,35,2,1,5103.33,7429.48,9944.08,1
CL0001183,20260815,292,42,3,1,9203.54,6490.23,5117.08,1
CL0001184,20250510,152,2,3,1,14816.99,7308.3,7672.36,1
CL0001185,20250625,293,3,2,1,8640.77,9081.61,6414.59,1
CL0001186,20261024,114,26,3,1,5978.82,3895.85,3619.81,1
CL0001187,20261106,164,19,1,1,7866.18,11876.38,1267.45,1
CL0001188,20250910,266,22,1,1,9861.55,2373.29,9898.23,1
CL0001189,20250628,116,32,4,1,12901.44,2514.78,361.01,1
CL0001190,20260116,165,4,1,1,3861.2,2114.06,4189.04,1
CL0001191,20250902,281,15,1,1,3277.12,5495.18,4070.09,1
CL0001192,20260814,98,7,2,1,10698.1,4966.54,3489.58,1
CL0001193,20251016,191,59,1,1,12499.74,8570.49,3135.81,1
CL0001194,20260803,43,55,1,1,6667.97,4731.36,6767.66,1
CL0001195,20260207,173,15,3,1,12665.11,6075.04,4412.58,1
CL0001196,20260722,41,26,3,1,5167.92,3855.6,6390.87,1
CL0001197,20261011,20,11,1,1,6983.63,8614.27,7214.64,1
CL0001198,20250809,124,23,2,1,8061.87,7987.83,9342.53,1
CL0001199,20251211,29,27,2,1,2627.69,3230.98,2615.4,1
CL0001200,20260331,93,41,4,1,2656.82,11836.28,8005.5,1
CL0001201,20250223,211,27,2,1,12790.63,10186.39,8976.56,1
CL0001202,20260704,236,48,2,1,8596.23,1093.52,9907.69,1
CL0001203,20251031,266,38,3,1,6796.98,3405.94,5899.29,1
CL0001204,20260320,242,26,3,1,603.27,8183.33,7800.81,1
CL0001205,20251231,4,35,4,1,8596.87,11745.56,554.86,1
CL0001206,20251003,75,58,3,1,8764.62,2383.92,5452.5,1
CL0001207,20250413,262,22,3,1,4423.62,3688.23,923.98,1
CL0001208,20260507,252,8,4,1,9215.95,4888.25,9284.5,1
CL0001209,20250107,50,6,3,1,279.92,456.9,7908.07,1
CL0001210,20250804,15,27,2,1,11024.6,10868.91,885.23,1
CL0001211,20250424,230,22,3,1,6550.29,4309.77,4795.59,1
CL0001212,20260303,32,54,3,1,9751.86,7399.72,2568.4,1
CL0001213,20260413,238,45,2,1,6184.68,4418.11,7854.98,1
CL0001214,20260607,109,35,4,1,1911.23,9272.28,8809.37,1
CL0001215,20251126,237,3,1,1,4003.19,8613.07,6324.76,1
CL0001216,20260122,31,43,1,1,4945.55,9066.34,5301.62,1
CL0001217,20260523,240,7,1,1,13742.37,4013.2,4911.19,1
CL0001218,20260729,228,3,3,1,14165.14,3976.15,9334.0,1
CL0001219,20251207,137,22,2,1,9626.22,11986.45,3923.02,1
CL0001220,20251008,242,55,3,1,4000.62,717.08,5041.74,1
CL0001221,20260410,110,59,4,1,8609.36,4142.03,8721.75,1
CL0001222,20260223,294,2,4,1,3597.03,11712.16,715.62,1
CL0001223,20260305,107,32,4,1,13425.15,636.07,4780.78,1
CL0001224,20251103,207,47,3,1,3121.23,9221.82,8671.5,1
CL0001225,20250130,9,60,4,1,5080.95,2673.12,3979.73,1
CL0001226,20261204,46,15,3,1,2126.08,5783.98,7352.35,1
CL0001227,20250505,196,1,2,1,1726.02,320.6,2627.81,1
CL0001228,20250521,278,20,3,1,14891.9,4859.15,2573.76,1
CL0001229,20260604,182,30,3,1,3212.33,634.94,3345.99,1
CL0001230,20251011,215,18,1,1,7093.98,7927.78,9501.36,1
CL0001231,20261210,32,6,2,1,9633.61,1379.27,5106.07,1
CL0001232,20260527,204,3,1,1,11122.04,7199.0,2721.12,1
CL0001233,20250203,62,35,1,1,1411.81,7721.67,5336.63,1
CL0001234,20260828,90,47,3,1,11619.75,11940.1,9935.04,1
CL0001235,20260321,103,44,3,1,1743.8,6311.76,4274.05,1
CL0001236,20260823,92,8,2,1,12178.57,8005.63,8888.11,1
CL0001237,20261007,99,39,2,1,377.4,7130.55,4609.69,1
CL0001238,20250625,179,31,4,1,5399.34,2169.53,4824.91,1
CL0001239,20250214,268,59,4,1,9731.2,7558.84,2400.17,1
CL0001240,20260524,244,57,3,1,14288.54,3838.73,3670.76,1
CL0001241,20260423,58,25,1,1,6177.98,2905.77,7322.69,1
CL0001242,20250125,138,35,1,1,13261.81,5858.97,801.56,1
CL0001243,20250512,222,49,3,1,9258.36,9174.42,649.25,1
CL0001244,20260527,78,25,1,1,8469.98,8578.34,214.91,1
CL0001245,20250919,117,2,2,1,14567.97,11613.57,7051.86,1
CL0001246,20251213,106,22,4,1,10713.61,963.05,5605.4,1
CL0001247,20260220,149,27,2,1,2789.59,2749.18,6452.67,1
CL0001248,20260710,77,8,4,1,11246.05,2117.39,4873.56,1
CL0001249,20250308,52,59,3,1,8102.49,1899.37,5615.8,1
CL0001250,20250405,262,31,4,1,8289.86,495.53,4617.86,1
CL0001251,20261012,191,19,4,1,13998.68,556.32,9308.7,1
CL0001252,20250929,291,36,1,1,6761.28,5431.83,5514.03,1
CL0001253,20261226,130,43,2,1,10817.43,6247.84,545.62,1
CL0001254,20260713,138,2,4,1,4427.88,6525.23,5415.04,1
CL0001255,20250708,222,30,2,1,2860.72,2215.48,1506.79,1
CL0001256,20250227,161,13,2,1,6750.27,7067.93,7833.01,1
CL0001257,20260123,112,4,4,1,6723.59,10202.6,9144.21,1
CL0001258,20260802,65,18,3,1,351.42,2149.18,5879.64,1
CL0001259,20250109,94,58,1,1,11387.54,5838.38,2326.51,1
CL0001260,20250704,170,44,4,1,11108.28,10948.99,9582.68,1
CL0001261,20260426,102,50,3,1,4184.82,9866.81,181.33,1
CL0001262,20261228,169,21,4,1,10258.63,11218.52,2886.43,1
CL0001263,20260921,205,4,1,1,4777.03,10819.36,8740.1,1
CL0001264,20260808,32,27,3,1,9195.34,1703.54,8774.07,1
CL0001265,20250112,150,2,3,1,5250.8,11451.65,7574.49,1
CL0001266,20260711,275,21,4,1,14957.59,4478.89,6665.83,1
CL0001267,20260810,49,59,3,1,234.84,7773.02,5709.26,1
CL0001268,20250216,31,42,3,1,10040.17,2753.46,6011.72,1
CL0001269,20250326,268,36,3,1,5416.72,3164.23,2107.0,1
CL0001270,20250903,119,17,4,1,6233.85,2530.49,7762.35,1
CL0001271,20250417,174,10,4,1,360.44,7189.55,4374.79,1
CL0001272,20260604,18,55,1,1,12979.97,4565.63,8383.09,1
CL0001273,20260624,96,15,3,1,13307.27,4509.6,6763.63,1
CL0001274,20250507,43,2,4,1,13935.31,10624.97,3089.56,1
CL0001275,20260411,295,46,3,1,6684.58,10091.85,3435.35,1
CL0001276,20261009,145,37,2,1,11857.31,6010.81,8074.8,1
CL0001277,20260930,247,21,1,1,4555.46,11359.05,4775.29,1
CL0001278,20261128,10,52,2,1,5012.07,1846.13,4656.86,1
CL0001279,20260523,290,58,3,1,8034.05,3529.71,5650.46,1
CL0001280,20250218,288,36,4,1,10781.6,8787.73,5203.55,1
CL0001281,20260526,230,18,4,1,13128.92,5473.27,7594.54,1
CL0001282,20260506,221,59,2,1,11302.85,11730.34,9262.99,1
CL0001283,20260315,242,56,2,1,8548.34,8095.32,7559.96,1
CL0001284,20261111,9,45,1,1,13670.12,4462.3,3956.79,1
CL0001285,20260915,298,33,1,1,2029.56,9339.66,4129.4,1
CL0001286,20250512,229,35,3,1,3564.58,10980.92,7526.11,1
CL0001287,20261012,281,17,2,1,957.17,2068.01,3155.48,1
CL0001288,20250824,260,1,1,1,9927.86,7613.93,2896.69,1
CL0001289,20250521,231,16,4,1,6137.97,5161.46,750.29,1
CL0001290,20260416,35,22,4,1,3359.87,1886.47,2753.15,1
CL0001291,20251004,4,46,1,1,12581.09,2270.2,9042.78,1
CL0001292,20260601,221,5,4,1,6234.32,7497.87,1709.56,1
CL0001293,20260212,284,34,2,1,3115.41,6440.26,6582.56,1
CL0001294,20260702,167,55,3,1,8603.4,4954.4,632.34,1
CL0001295,20260610,215,36,3,1,3888.89,2115.7,8855.42,1
CL0001296,20251031,224,52,4,1,2989.53,4910.56,9610.53,1
CL0001297,20250303,253,45,4,1,10423.82,4399.97,5927.73,1
CL0001298,20250804,104,19,4,1,14876.0,4383.47,5626.18,1
CL0001299,20260722,175,17,2,1,6261.84,3207.4,3762.92,1
CL0001300,20261211,226,31,2,1,2469.97,6002.89,1303.1,1
CL0001301,20260306,141,56,1,1,144.7,11298.79,2012.77,1
CL0001302,20250327,92,8,1,1,11413.66,3351.9,3683.91,1
CL0001303,20250822,293,4,2,1,14863.14,8096.09,9055.45,1
CL0001304,20260113,216,26,4,1,5275.74,1063.17,9530.88,1
CL0001305,20250311,284,16,4,1,2899.04,5344.16,6555.04,1
CL0001306,20260302,196,50,1,1,1305.68,3556.85,6191.86,1
CL0001307,20260707,134,6,1,1,6017.58,6662.95,6357.79,1
CL0001308,20260501,125,49,4,1,5731.89,4077.74,421.88,1
CL0001309,20261026,197,10,1,1,7479.37,4636.12,7167.07,1
CL0001310,20261225,102,2,2,1,4001.27,2943.94,1402.28,1
CL0001311,20261217,205,57,1,1,10569.02,10868.9,8730.7,1
CL0001312,20260507,167,6,2,1,2900.43,213.71,9752.83,1
CL0001313,20261104,241,24,2,1,9949.4,11489.52,5242.19,1
CL0001314,20261004,300,25,3,1,1306.16,5773.3,9681.14,1
CL0001315,20250130,200,18,2,1,673.54,121.57,9583.99,1
CL0001316,20260415,48,25,3,1,641.88,4643.12,7476.56,1
CL0001317,20261222,253,30,1,1,6513.69,2670.26,7594.31,1
CL0001318,20250705,89,21,1,1,5860.42,3433.23,9601.66,1
CL0001319,20250705,126,32,4,1,11246.22,8009.19,2129.01,1
CL0001320,20250612,53,20,1,1,1409.52,6974.08,8015.98,1
CL0001321,20250729,141,35,1,1,13654.05,4894.84,9544.06,1
CL0001322,20261210,145,30,2,1,7470.3,3784.71,8344.69,1
CL0001323,20260125,224,42,2,1,10103.9,6567.47,5873.38,1
CL0001324,20260425,63,51,4,1,1500.97,10951.16,8292.16,1
CL0001325,20261029,223,28,4,1,9745.07,1355.64,6852.44,1
CL0001326,20250604,64,23,3,1,5740.04,10701.36,1104.74,1
CL0001327,20251214,159,19,1,1,7623.19,3339.82,5402.62,1
CL0001328,20251019,297,14,4,1,6863.23,10154.19,3388.98,1
CL0001329,20250618,119,39,4,1,13576.92,334.06,2909.3,1
CL0001330,20260805,25,52,4,1,3653.18,7094.44,7310.04,1
CL0001331,20250124,200,46,3,1,11689.42,6767.95,6830.92,1
CL0001332,20260227,199,53,2,1,2319.07,9905.22,248.76,1
CL0001333,20250712,207,30,4,1,1784.6,3498.37,1085.17,1
CL0001334,20250712,144,60,2,1,184.86,2545.96,8517.34,1
CL0001335,20260523,101,56,1,1,5877.95,7468.19,2813.99,1
CL0001336,20260728,284,11,4,1,1783.52,3767.47,1526.13,1
CL0001337,20250610,180,34,4,1,13545.6,6457.24,3367.97,1
CL0001338,20250618,234,37,1,1,13695.75,4148.05,9034.54,1
CL0001339,20260117,181,5,2,1,10790.61,8467.81,7529.17,1
CL0001340,20251013,67,10,1,1,6448.22,3798.09,704.7,1
CL0001341,20250707,43,51,3,1,3821.21,11388.47,1777.06,1
CL0001342,20250422,290,55,4,1,14071.51,10945.65,6585.58,1
CL0001343,20250522,72,16,2,1,2706.89,3011.38,3551.08,1
CL0001344,20250826,101,29,3,1,14102.74,10434.89,3914.56,1
CL0001345,20250722,222,21,1,1,13548.94,10110.81,8300.53,1
CL0001346,20260804,5,58,1,1,7335.89,5757.07,4428.43,1
CL0001347,20250909,281,59,1,1,14790.06,1647.49,1266.98,1
CL0001348,20260625,195,32,3,1,9704.74,9850.82,4431.02,1
CL0001349,20260728,175,32,4,1,472.85,6876.74,2288.27,1
CL0001350,20260904,257,36,1,1,3870.07,933.12,3734.03,1
CL0001351,20260122,73,25,1,1,9946.62,4221.92,4260.97,1
CL0001352,20250328,299,51,2,1,10353.69,8578.78,77.26,1
CL0001353,20261231,281,5,3,1,8494.17,6656.99,392.77,1
CL0001354,20251209,13,3,1,1,4373.89,11528.92,8150.18,1
CL0001355,20250814,82,59,2,1,12727.3,10525.01,2449.89,1
CL0001356,20250513,273,2,2,1,1519.62,742.13,7910.35,1
CL0001357,20250329,80,6,2,1,734.99,9989.99,8173.73,1
CL0001358,20250520,55,39,3,1,13486.4,7813.92,9160.45,1
CL0001359,20250717,155,23,2,1,14549.12,4065.72,6755.06,1
CL0001360,20251014,233,35,3,1,8232.37,4186.27,679.61,1
CL0001361,20260606,54,50,2,1,5505.73,6806.91,2493.07,1
CL0001362,20250322,181,36,3,1,1444.14,8298.68,3240.59,1
CL0001363,20250720,115,10,4,1,4276.25,5054.66,6155.8,1
CL0001364,20250312,151,13,2,1,11735.22,8412.34,8566.04,1
CL0001365,20260819,269,23,2,1,9745.5,10250.03,2184.58,1
CL0001366,20260209,46,55,2,1,14435.0,3648.71,3941.16,1
CL0001367,20250125,258,45,2,1,10134.73,9738.95,5606.0,1
CL0001368,20251024,95,35,3,1,1794.84,3838.19,4379.79,1
CL0001369,20250313,167,40,1,1,1130.86,10284.84,7128.87,1
CL0001370,20260608,43,25,3,1,14877.15,9790.62,9906.16,1
CL0001371,20250214,269,19,4,1,11911.1,7423.89,2866.19,1
CL0001372,20251122,294,50,3,1,3467.87,11757.15,7175.79,1
CL0001373,20261008,155,30,2,1,9717.86,9007.11,2619.68,1
CL0001374,20251120,44,27,4,1,735.53,194.54,1501.03,1
CL0001375,20260503,30,48,4,1,14628.54,1890.04,8015.69,1
CL0001376,20260328,130,27,3,1,1875.74,9195.05,3391.03,1
CL0001377,20250402,3,48,3,1,3825.13,8720.28,1695.54,1
CL0001378,20261009,12,34,2,1,6682.16,4620.19,7079.03,1
CL0001379,20250507,6,29,2,1,10995.87,6528.25,1952.04,1
CL0001380,20260523,176,17,3,1,14926.18,9822.03,3442.1,1
CL0001381,20260122,44,37,2,1,3743.94,2685.8,2450.95,1
CL0001382,20261221,259,52,3,1,3653.21,6976.22,6287.03,1
CL0001383,20250816,63,12,3,1,7656.87,9552.89,9723.11,1
CL0001384,20260712,221,21,3,1,9589.17,3250.53,2899.37,1
CL0001385,20250401,61,21,3,1,10720.39,3089.46,5886.36,1
CL0001386,20260221,39,30,3,1,14119.92,7589.06,8127.34,1
CL0001387,20260920,184,45,1,1,6489.54,3273.72,3685.89,1
CL0001388,20251005,83,57,3,1,5178.97,11513.39,8815.38,1
CL0001389,20250904,222,11,4,1,2238.19,1779.64,321.23,1
CL0001390,20250813,248,40,3,1,3589.65,5233.66,1745.01,1
CL0001391,20260604,181,8,2,1,2029.56,8481.79,3577.74,1
CL0001392,20250811,265,28,3,1,1964.37,5623.3,7722.55,1
CL0001393,20260702,48,8,4,1,10474.48,254.14,4357.32,1
CL0001394,20250429,162,6,3,1,1217.59,8001.4,8248.8,1
CL0001395,20250327,173,34,2,1,11717.15,10892.78,6611.38,1
CL0001396,20260301,5,22,1,1,14223.72,9218.02,5310.16,1
CL0001397,20250222,19,7,1,1,4895.73,7697.68,4264.57,1
CL0001398,20250206,227,57,1,1,9546.98,10984.46,3346.54,1
CL0001399,20261025,230,12,3,1,405.34,2072.07,7271.07,1
CL0001400,20251127,10,36,2,1,13989.07,4089.76,7090.79,1
CL0001401,20250627,10,34,2,1,3961.87,3669.28,3616.12,1
CL0001402,20250419,22,10,2,1,7473.28,4181.81,9691.18,1
CL0001403,20260110,185,29,4,1,9265.84,7971.02,8270.41,1
CL0001404,20250421,209,5,4,1,8667.22,3549.78,2101.17,1
CL0001405,20260511,189,6,3,1,1481.05,10761.25,9468.66,1
CL0001406,20250330,166,39,1,1,4241.33,2406.84,6600.07,1
CL0001407,20250401,141,51,4,1,12949.9,4512.94,7352.77,1
CL0001408,20260824,63,8,4,1,12886.19,10116.76,945.73,1
CL0001409,20250911,217,29,4,1,11111.98,1140.28,3933.75,1
CL0001410,20250531,100,55,4,1,11377.62,11519.23,281.05,1
CL0001411,20260720,295,49,1,1,13225.65,4882.49,2369.32,1
CL0001412,20260917,207,46,3,1,244.16,6362.12,9554.69,1
CL0001413,20250731,290,19,3,1,13081.37,9353.17,8077.38,1
CL0001414,20261010,268,50,3,1,4066.13,3661.13,5512.02,1
CL0001415,20260516,193,12,4,1,13921.25,6107.7,5692.35,1
CL0001416,20250811,178,51,2,1,10885.82,9504.7,4435.62,1
CL0001417,20260718,293,32,1,1,12248.61,8298.03,3888.92,1
CL0001418,20251104,90,39,2,1,2363.15,9080.99,7985.91,1
CL0001419,20250429,14,44,4,1,11956.7,2511.35,4430.7,1
CL0001420,20260208,147,38,3,1,2829.26,5212.45,7198.01,1
CL0001421,20250225,77,32,4,1,919.1,4464.19,5384.16,1
CL0001422,20250620,277,43,3,1,5283.34,6856.37,6642.48,1
CL0001423,20250515,157,34,1,1,2768.69,5035.63,6685.07,1
CL0001424,20260131,295,16,4,1,1380.75,7587.52,7054.25,1
CL0001425,20260113,33,52,4,1,11104.57,300.58,6110.39,1
CL0001426,20261015,216,58,3,1,1951.22,8223.23,6038.29,1
CL0001427,20260228,296,10,4,1,11636.83,4580.5,7794.37,1
CL0001428,20251020,246,16,2,1,4060.08,11041.96,5411.8,1
CL0001429,20261102,113,12,1,1,9942.97,10649.98,305.38,1
CL0001430,20261110,121,37,4,1,4028.05,6173.43,2099.75,1
CL0001431,20250510,169,35,1,1,13369.54,10682.58,4135.17,1
CL0001432,20250813,127,10,1,1,4418.56,7407.86,8159.64,1
CL0001433,20260224,162,33,1,1,2217.75,3903.53,8090.68,1
CL0001434,20261217,244,27,4,1,11240.17,4982.46,2895.52,1
CL0001435,20251110,128,48,1,1,7594.61,6981.05,1550.2,1
CL0001436,20260705,79,13,2,1,13503.19,11980.85,7282.1,1
CL0001437,20250223,153,53,4,1,8876.75,921.89,8148.13,1
CL0001438,20261031,106,46,2,1,5643.15,8508.23,8361.59,1
CL0001439,20250518,238,4,3,1,390.28,5353.7,8206.62,1
CL0001440,20250129,157,26,2,1,7348.72,8670.38,6596.72,1
CL0001441,20250327,6,29,2,1,12992.65,11862.06,9196.81,1
CL0001442,20251212,115,24,2,1,11598.44,6093.63,6537.37,1
CL0001443,20260731,237,17,4,1,10772.48,9500.61,5098.82,1
CL0001444,20260131,271,18,2,1,8238.19,955.86,3987.71,1
CL0001445,20261007,263,14,3,1,8083.54,10649.97,4700.25,1
CL0001446,20261010,286,29,2,1,4046.63,2091.52,6138.9,1
CL0001447,20261006,239,33,3,1,5668.01,5849.1,6559.29,1
CL0001448,20260812,204,35,2,1,7872.84,10067.28,3905.38,1
CL0001449,20261218,167,11,1,1,10710.6,162.94,1285.0,1
CL0001450,20260318,292,50,3,1,6649.4,11008.88,7374.63,1
CL0001451,20250131,235,9,4,1,8265.62,11709.48,2154.51,1
CL0001452,20261008,147,60,4,1,8934.27,1276.05,2335.3,1
CL0001453,20250511,16,45,1,1,14217.74,5262.48,817.53,1
CL0001454,20260722,209,3,2,1,3532.52,7746.31,5908.85,1
CL0001455,20250918,285,12,2,1,8016.42,4486.7,112.36,1
CL0001456,20250428,255,38,4,1,13976.52,2628.05,2449.07,1
CL0001457,20260508,145,20,1,1,5184.21,6630.64,2822.89,1
CL0001458,20260819,291,13,1,1,5636.59,4725.46,3175.37,1
CL0001459,20261006,34,13,4,1,6134.93,2606.81,3821.18,1
CL0001460,20250427,252,3,2,1,8042.01,10443.75,2418.21,1
CL0001461,20260607,186,42,2,1,12004.64,10020.27,3374.72,1
CL0001462,20251005,184,22,4,1,12151.27,3846.25,6645.22,1
CL0001463,20250120,115,9,4,1,2125.49,158.4,5919.91,1
CL0001464,20260507,285,48,4,1,13507.63,6243.18,4113.04,1
CL0001465,20251104,115,47,3,1,3456.12,3922.35,7488.68,1
CL0001466,20260611,291,46,4,1,14842.24,10994.78,2910.64,1
CL0001467,20250320,284,4,1,1,13175.24,8599.86,6419.38,1
CL0001468,20260810,160,13,3,1,12313.19,6172.62,7021.55,1
CL0001469,20260607,102,3,4,1,8961.86,9772.08,4155.82,1
CL0001470,20260801,94,7,3,1,13069.86,1096.91,5238.76,1
CL0001471,20250723,244,34,3,1,2968.46,11490.69,5637.25,1
CL0001472,20261028,200,53,2,1,13651.64,9238.28,8946.83,1
CL0001473,20250710,180,39,4,1,14273.73,4204.98,2347.66,1
CL0001474,20251231,99,27,2,1,5801.05,7385.93,4473.97,1
CL0001475,20261005,219,21,2,1,10366.99,581.51,5183.55,1
CL0001476,20260512,57,23,2,1,2150.44,119.52,1107.06,1
CL0001477,20261114,267,11,3,1,11729.37,3328.17,2476.87,1
CL0001478,20261210,208,1,4,1,3822.9,8630.73,5842.07,1
CL0001479,20261204,116,28,4,1,14669.94,7465.92,1588.01,1
CL0001480,20250827,127,2,4,1,4698.42,7691.64,3489.17,1
CL0001481,20250819,186,46,3,1,9464.43,9848.43,8078.02,1
CL0001482,20250701,274,28,3,1,8007.47,7530.86,7232.95,1
CL0001483,20260830,171,3,4,1,8942.97,8343.35,492.35,1
CL0001484,20250718,296,20,3,1,10597.3,6066.72,6727.01,1
CL0001485,20260911,148,26,1,1,5922.56,1458.07,2297.4,1
CL0001486,20260603,61,44,1,1,12365.97,5609.8,2570.59,1
CL0001487,20260711,154,32,3,1,2201.27,2303.61,4608.25,1
CL0001488,20250520,99,27,3,1,3771.19,764.92,4502.52,1
CL0001489,20250307,74,57,2,1,9448.33,3495.92,9736.29,1
CL0001490,20260707,110,25,2,1,5980.69,1549.57,2967.89,1
CL0001491,20260601,15,51,1,1,8387.1,11205.38,6821.83,1
CL0001492,20251018,113,30,3,1,2656.32,10736.33,7648.96,1
CL0001493,20261117,183,44,4,1,10768.52,7803.24,95.8,1
CL0001494,20261207,162,6,4,1,14589.85,7609.19,5388.71,1
CL0001495,20250131,211,32,2,1,190.52,4395.78,3469.88,1
CL0001496,20251126,296,6,2,1,4059.44,8863.99,3550.31,1
CL0001497,20250508,209,59,4,1,5797.14,1656.67,2157.0,1
CL0001498,20250213,128,22,3,1,4455.55,4901.65,4717.34,1
CL0001499,20261124,127,26,1,1,11262.25,3715.1,9360.15,1
CL0001500,20250613,65,2,3,1,12013.13,9420.34,6387.05,1
CL0001501,20250430,185,21,1,1,4429.16,6074.69,304.43,1
CL0001502,20260604,73,1,2,1,11763.75,4557.46,1702.59,1
CL0001503,20250227,27,48,1,1,12438.98,2656.32,6663.2,1
CL0001504,20250616,212,42,1,1,10038.31,6698.67,334.23,1
CL0001505,20261104,37,29,1,1,13966.03,5241.19,4103.17,1
CL0001506,20250827,20,10,4,1,3390.32,4956.08,4452.29,1
CL0001507,20251201,144,42,1,1,3023.81,4304.55,8360.07,1
CL0001508,20250531,242,18,2,1,10944.09,7408.77,6261.0,1
CL0001509,20260225,125,15,3,1,108.9,4379.48,3724.44,1
CL0001510,20260905,219,39,4,1,11490.17,3800.37,678.64,1
CL0001511,20260408,182,18,2,1,14389.45,4219.61,9346.4,1
CL0001512,20260206,59,45,4,1,786.42,10211.6,6042.24,1
CL0001513,20250215,145,55,3,1,6501.83,3078.26,7770.57,1
CL0001514,20260703,109,44,2,1,10947.48,9494.3,3451.68,1
CL0001515,20261001,141,52,4,1,7355.65,4846.94,1528.09,1
CL0001516,20261120,78,60,1,1,9090.23,4468.71,3678.79,1
CL0001517,20260816,266,33,3,1,1608.88,7841.5,2627.78,1
CL0001518,20260525,233,57,4,1,1861.82,10900.15,2251.68,1
CL0001519,20260126,117,17,3,1,5658.73,1718.87,8147.96,1
CL0001520,20260827,167,9,1,1,4650.05,11760.36,4288.0,1
CL0001521,20250611,166,7,4,1,5568.6,2419.16,3261.24,1
CL0001522,20250502,290,55,4,1,2302.7,4601.45,5601.5,1
CL0001523,20250313,207,52,4,1,158.43,8635.55,9971.02,1
CL0001524,20260117,189,45,2,1,4836.41,788.06,1927.09,1
CL0001525,20260630,255,32,2,1,11515.57,6200.21,9143.44,1
CL0001526,20261114,41,18,4,1,11687.64,1551.91,5883.76,1
CL0001527,20260523,37,5,2,1,13875.6,4551.85,4660.46,1
CL0001528,20250824,63,37,1,1,7453.57,4387.63,4210.15,1
CL0001529,20250401,14,7,3,1,3289.42,10724.85,2930.44,1
CL0001530,20250508,93,53,3,1,14473.89,7328.7,8913.63,1
CL0001531,20260819,57,43,4,1,11636.37,2532.28,7712.17,1
CL0001532,20260314,171,27,4,1,4936.6,3880.84,319.2,1
CL0001533,20260127,182,9,4,1,1870.16,8744.84,2568.4,1
CL0001534,20261109,271,23,4,1,6472.66,11646.4,3912.04,1
CL0001535,20250322,121,39,4,1,11548.61,6512.54,4538.05,1
CL0001536,20250217,198,56,3,1,1790.71,11355.57,409.88,1
CL0001537,20250919,172,36,1,1,4392.73,4372.92,9444.13,1
CL0001538,20260624,275,12,3,1,12070.74,1184.54,7194.05,1
CL0001539,20260628,241,55,4,1,6702.22,2150.38,4141.88,1
CL0001540,20261004,59,34,4,1,11309.85,1601.78,3180.02,1
CL0001541,20261110,129,37,4,1,10540.41,9778.99,8994.02,1
CL0001542,20260903,86,30,1,1,10823.69,8080.58,9972.4,1
CL0001543,20250310,112,16,4,1,2959.83,7535.32,8488.79,1
CL0001544,20251102,182,56,1,1,6482.54,11703.37,854.73,1
CL0001545,20260801,8,25,1,1,12224.03,104.75,5607.41,1
CL0001546,20261217,39,5,1,1,849.86,2136.75,3660.85,1
CL0001547,20260124,273,44,4,1,6469.45,3001.12,3493.4,1
CL0001548,20261109,193,57,4,1,1945.52,2070.63,6443.44,1
CL0001549,20260122,207,60,2,1,10752.43,151.36,3612.53,1
CL0001550,20250422,267,21,4,1,4967.96,7513.98,1980.75,1
CL0001551,20261209,224,54,4,1,10498.5,3982.88,2152.38,1
CL0001552,20260416,249,23,1,1,8576.65,6469.12,1349.09,1
CL0001553,20260605,24,22,1,1,7753.69,10636.36,5361.78,1
CL0001554,20250826,208,59,2,1,1750.24,8561.79,4844.87,1
CL0001555,20251119,274,31,2,1,3186.04,8429.28,8832.28,1
CL0001556,20250814,212,46,2,1,11531.41,4143.29,9868.59,1
CL0001557,20260413,115,30,3,1,6371.81,10815.1,3802.33,1
CL0001558,20250807,139,42,3,1,12274.56,9495.26,2951.88,1
CL0001559,20260806,259,35,1,1,9535.78,5094.3,7550.94,1
CL0001560,20250619,12,40,2,1,13123.5,10120.04,8966.16,1
CL0001561,20250425,84,17,2,1,4094.87,6177.41,7025.96,1
CL0001562,20260608,243,3,4,1,7964.6,5456.92,9021.92,1
CL0001563,20250819,291,29,1,1,9214.44,6282.72,4867.04,1
CL0001564,20250926,135,28,4,1,14916.88,1357.43,9757.96,1
CL0001565,20260723,66,39,2,1,6668.09,401.87,1893.95,1
CL0001566,20251231,143,3,2,1,5936.74,7466.03,4990.5,1
CL0001567,20261127,98,27,3,1,7629.28,8268.84,3108.93,1
CL0001568,20260512,133,58,2,1,603.54,4821.01,1616.14,1
CL0001569,20260111,241,20,1,1,2563.29,6270.74,7662.12,1
CL0001570,20250713,153,44,2,1,5969.76,5274.24,7231.6,1
CL0001571,20260102,108,52,2,1,9414.87,6510.62,7073.72,1
CL0001572,20250123,195,29,4,1,12936.84,7683.05,5827.43,1
CL0001573,20261225,215,1,1,1,9998.61,11033.88,8530.41,1
CL0001574,20260507,148,3,2,1,2734.85,9867.99,1029.07,1
CL0001575,20250215,189,57,2,1,9001.76,8156.51,751.88,1
CL0001576,20251005,133,26,4,1,14949.32,8452.14,1764.1,1
CL0001577,20250531,300,37,4,1,9663.48,5801.12,8168.66,1
CL0001578,20250116,160,1,2,1,7639.72,2532.58,7577.25,1
CL0001579,20261005,176,12,4,1,9568.02,10529.04,8759.88,1
CL0001580,20250623,115,10,2,1,13173.4,678.37,4860.24,1
CL0001581,20261126,189,57,2,1,6687.47,595.94,4511.19,1
CL0001582,20250616,238,1,3,1,4883.6,7519.63,4910.37,1
CL0001583,20251109,300,31,2,1,2264.97,941.53,8719.62,1
CL0001584,20260820,248,7,4,1,12487.71,3271.24,606.22,1
CL0001585,20260208,298,20,1,1,8868.94,9190.89,2889.63,1
CL0001586,20250315,32,12,1,1,2747.27,8880.87,271.83,1
CL0001587,20251025,283,40,4,1,1389.6,9144.21,6917.5,1
CL0001588,20260114,185,41,3,1,14202.42,6080.76,1570.15,1
CL0001589,20250228,49,55,2,1,11393.03,11552.49,1922.07,1
CL0001590,20260830,54,8,4,1,9514.69,9122.24,2254.26,1
CL0001591,20250308,258,51,1,1,6327.2,8343.65,2561.23,1
CL0001592,20260718,48,18,1,1,1970.89,10742.62,7579.47,1
CL0001593,20251102,69,59,4,1,5261.26,1776.18,8787.19,1
CL0001594,20251006,90,31,3,1,525.14,10711.03,5737.48,1
CL0001595,20250523,226,5,1,1,1555.57,7618.9,9787.61,1
CL0001596,20261109,122,44,3,1,11200.13,9174.14,5246.43,1
CL0001597,20260918,69,24,2,1,5049.28,7201.65,5309.3,1
CL0001598,20260726,9,22,1,1,690.95,3225.73,7715.05,1
CL0001599,20260412,62,49,1,1,1968.25,7464.25,6769.4,1
CL0001600,20250302,72,45,2,1,4026.91,3394.19,7359.42,1
CL0001601,20260831,229,52,1,1,12338.3,11134.8,7870.38,1
CL0001602,20261102,25,51,4,1,6718.32,10464.48,2638.04,1
CL0001603,20250817,269,32,2,1,6367.92,2912.94,7574.55,1
CL0001604,20261022,46,53,2,1,6297.34,7202.85,5361.83,1
CL0001605,20261022,109,37,3,1,4414.38,6803.41,6093.4,1
CL0001606,20260821,101,45,4,1,8369.69,4138.48,3693.03,1
CL0001607,20250110,253,12,1,1,11092.99,6739.8,1894.47,1
CL0001608,20260624,162,26,4,1,407.67,1595.85,7962.02,1
CL0001609,20260928,151,14,2,1,3292.56,11807.98,1978.85,1
CL0001610,20250417,265,58,3,1,1097.38,9909.44,6407.75,1
CL0001611,20250617,112,41,3,1,5228.98,8978.4,9324.85,1
CL0001612,20260101,262,10,2,1,9057.84,2052.72,6404.49,1
CL0001613,20261014,82,51,3,1,5818.65,2889.63,286.01,1
CL0001614,20250414,295,50,3,1,10650.93,9644.95,568.49,1
CL0001615,20251107,203,3,2,1,5962.1,3918.37,7254.39,1
CL0001616,20250702,250,57,4,1,9355.29,10164.25,3754.38,1
CL0001617,20261129,143,44,3,1,12427.52,8329.51,7955.63,1
CL0001618,20260407,11,28,4,1,8777.09,8640.86,1928.76,1
CL0001619,20250901,133,7,1,1,842.69,2147.0,4340.09,1
CL0001620,20260720,280,25,3,1,1041.39,5533.75,7016.14,1
CL0001621,20260427,32,55,2,1,2929.74,4092.46,570.92,1
CL0001622,20250831,121,43,3,1,2531.51,2369.09,524.62,1
CL0001623,20260830,288,49,2,1,9971.69,7196.3,5652.0,1
CL0001624,20250422,264,15,4,1,238.21,396.9,646.8,1
CL0001625,20251005,75,27,4,1,6730.34,11019.43,4990.97,1
CL0001626,20261214,265,51,2,1,4605.61,1264.24,4881.24,1
CL0001627,20261003,93,42,2,1,5868.11,10356.44,7586.69,1
CL0001628,20250528,6,7,3,1,7922.72,5021.23,3448.37,1
CL0001629,20260409,36,4,4,1,9413.29,5332.07,2038.27,1
CL0001630,20250208,153,8,4,1,3801.67,9121.78,9835.98,1
CL0001631,20251111,157,15,3,1,13233.55,2301.03,1909.52,1
CL0001632,20250607,270,27,2,1,8669.22,7714.26,5283.43,1
CL0001633,20251120,233,57,4,1,4398.14,9715.28,1816.55,1
CL0001634,20250507,203,54,1,1,5540.37,1383.34,8921.7,1
CL0001635,20250830,270,52,3,1,12552.65,5352.36,4360.69,1
CL0001636,20260415,151,5,4,1,13829.09,11794.18,4683.72,1
CL0001637,20250612,76,50,3,1,8780.26,10010.44,5298.45,1
CL0001638,20260918,18,60,2,1,13737.39,3261.52,9526.73,1
CL0001639,20250519,194,42,1,1,10911.34,6952.12,6470.23,1
CL0001640,20260224,219,3,1,1,4862.74,11844.13,9530.41,1
CL0001641,20250818,77,19,2,1,7343.36,2210.18,5923.32,1
CL0001642,20260921,73,55,3,1,4489.03,5022.19,6611.63,1
CL0001643,20250405,170,3,1,1,9211.28,4047.66,5314.01,1
CL0001644,20260325,271,23,2,1,9410.5,9000.5,103.56,1
CL0001645,20250207,24,10,3,1,14012.18,567.83,1702.79,1
CL0001646,20250320,131,35,2,1,13378.99,1635.89,6711.19,1
CL0001647,20260213,290,46,3,1,3764.18,4832.84,82.01,1
CL0001648,20250928,81,35,4,1,2826.59,7353.16,6564.36,1
CL0001649,20250108,169,34,4,1,11067.88,1719.93,3673.32,1
CL0001650,20261213,289,30,1,1,10434.25,7679.77,6620.78,1
CL0001651,20250812,123,39,3,1,612.2,5753.29,7836.2,1
CL0001652,20251220,208,39,1,1,1115.48,11255.64,7172.89,1
CL0001653,20250725,175,28,4,1,13004.94,499.05,2611.08,1
CL0001654,20250411,46,58,1,1,7792.45,4159.38,1906.27,1
CL0001655,20260323,258,52,3,1,13795.23,4793.12,5239.2,1
CL0001656,20250304,85,51,2,1,8838.97,4346.41,8861.05,1
CL0001657,20260409,260,38,3,1,3293.75,2190.14,5113.19,1
CL0001658,20260401,87,54,3,1,7946.76,9935.04,7596.07,1
CL0001659,20260830,169,26,2,1,7065.92,11527.38,2551.11,1
CL0001660,20260925,28,2,3,1,1579.42,3444.37,3062.55,1
CL0001661,20261125,225,50,4,1,1535.67,4497.73,4255.19,1
CL0001662,20260508,113,38,1,1,8224.73,2184.44,9051.68,1
CL0001663,20250630,184,10,3,1,4266.39,6063.55,5391.35,1
CL0001664,20261023,59,53,3,1,3657.43,8112.61,4887.95,1
CL0001665,20260225,265,30,1,1,6906.09,10260.59,9445.11,1
CL0001666,20251023,231,37,4,1,3553.81,1674.64,2551.54,1
CL0001667,20260622,218,2,4,1,8667.01,11792.85,2761.26,1
CL0001668,20250515,72,37,4,1,7821.52,5955.14,6111.18,1
CL0001669,20250128,162,42,4,1,1843.94,317.52,2718.21,1
CL0001670,20251108,297,21,1,1,9705.13,9296.4,5659.12,1
CL0001671,20260311,190,54,2,1,2670.53,10267.51,2308.07,1
CL0001672,20260304,126,10,4,1,14659.78,4287.76,9728.45,1
CL0001673,20260303,36,12,3,1,8210.58,2097.7,558.78,1
CL0001674,20251102,97,19,3,1,2868.07,10115.88,2445.49,1
CL0001675,20250611,60,58,1,1,1395.31,5818.03,60.08,1
CL0001676,20261117,283,25,1,1,1931.11,3750.26,7080.1,1
CL0001677,20260917,146,16,4,1,2354.58,4679.55,9921.23,1
CL0001678,20251019,250,19,3,1,10829.37,7693.2,2305.85,1
CL0001679,20261028,25,42,1,1,4630.48,3566.99,2715.63,1
CL0001680,20250707,154,60,2,1,7161.21,1716.81,6703.85,1
CL0001681,20260724,105,50,3,1,5467.48,1148.57,4231.4,1
CL0001682,20250609,97,45,3,1,764.89,11016.4,7881.8,1
CL0001683,20261105,189,52,1,1,9082.53,9917.92,4319.5,1
CL0001684,20260906,287,39,3,1,9835.61,5464.2,1625.43,1
CL0001685,20251003,190,51,1,1,7317.19,3710.39,2956.8,1
CL0001686,20260226,133,48,2,1,13508.69,9568.01,4785.01,1
CL0001687,20260403,71,49,2,1,10157.56,9204.82,6115.46,1
CL0001688,20260308,190,24,4,1,10131.06,7533.87,5185.54,1
CL0001689,20251209,227,58,2,1,5357.69,7667.28,756.59,1
CL0001690,20250908,54,30,3,1,3684.4,992.49,3299.16,1
CL0001691,20260303,151,37,1,1,818.19,4410.64,1579.5,1
CL0001692,20260302,253,45,4,1,6313.93,4504.41,9145.05,1
CL0001693,20250206,17,19,2,1,13678.61,2357.93,1834.08,1
CL0001694,20250729,112,13,4,1,8090.84,1617.27,7454.72,1
CL0001695,20260312,231,2,2,1,1252.7,991.4,6006.66,1
CL0001696,20250107,251,30,3,1,12249.32,5247.27,9180.18,1
CL0001697,20250924,198,49,1,1,4419.75,3729.35,2162.07,1
CL0001698,20260814,73,38,3,1,14949.11,6861.25,3681.84,1
CL0001699,20260713,14,23,1,1,8379.1,9139.1,961.85,1
CL0001700,20260430,47,55,3,1,9982.98,1633.93,5528.65,1
CL0001701,20260513,170,33,2,1,1564.31,10453.54,2830.23,1
CL0001702,20251115,69,35,1,1,7018.34,1905.68,6606.93,1
CL0001703,20250830,249,1,4,1,5168.47,2075.23,3630.82,1
CL0001704,20250910,276,17,4,1,4849.5,8970.36,7716.44,1
CL0001705,20260412,222,32,2,1,12083.27,2059.36,4385.25,1
CL0001706,20251211,181,18,2,1,13288.5,505.83,1205.66,1
CL0001707,20260702,75,2,2,1,1459.57,2248.74,666.98,1
CL0001708,20261121,162,23,1,1,12764.33,7540.2,5809.56,1
CL0001709,20260726,236,56,3,1,7975.69,4299.98,7151.01,1
CL0001710,20250526,59,44,2,1,9214.4,1253.71,6502.75,1
CL0001711,20260528,253,58,3,1,10147.31,1876.45,6663.82,1
CL0001712,20260625,277,17,1,1,11423.5,5048.13,3926.96,1
CL0001713,20260217,84,50,1,1,6849.28,3503.24,2913.45,1
CL0001714,20260526,242,48,2,1,417.24,3591.38,2613.59,1
CL0001715,20260120,259,52,3,1,4259.22,8120.78,6130.29,1
CL0001716,20260618,155,17,3,1,1108.91,8083.04,743.98,1
CL0001717,20261206,194,33,1,1,950.01,3641.24,2089.88,1
CL0001718,20251005,211,31,1,1,8222.21,9025.2,2719.95,1
CL0001719,20250605,73,50,3,1,10842.22,1506.4,5163.58,1
CL0001720,20250303,34,41,2,1,945.59,3036.1,9221.98,1
CL0001721,20251230,195,38,1,1,8869.38,2663.24,4970.68,1
CL0001722,20260613,244,9,3,1,11088.79,8275.84,3490.46,1
CL0001723,20260129,151,57,1,1,4565.37,1135.54,5770.79,1
CL0001724,20260509,213,19,1,1,14719.34,3229.99,4154.97,1
CL0001725,20261028,130,11,2,1,879.34,5065.88,2174.71,1
CL0001726,20261118,38,24,4,1,9101.79,8512.98,527.1,1
CL0001727,20251105,171,29,2,1,6203.02,10213.2,7326.65,1
CL0001728,20260912,144,43,2,1,11053.34,517.19,2609.76,1
CL0001729,20260702,117,55,3,1,9298.54,8789.11,9348.08,1
CL0001730,20260519,288,28,2,1,14912.19,2629.18,2622.41,1
CL0001731,20261018,49,5,1,1,14018.84,5440.1,9258.25,1
CL0001732,20251021,131,27,4,1,335.0,6176.64,1660.15,1
CL0001733,20251128,105,47,2,1,10302.29,2765.13,3392.46,1
CL0001734,20260426,271,31,3,1,8031.78,10767.83,2867.0,1
CL0001735,20261006,124,15,4,1,9615.54,2043.92,1229.79,1
CL0001736,20251216,220,35,1,1,7071.58,7910.06,1598.98,1
CL0001737,20260820,191,55,1,1,14144.48,6862.2,5347.38,1
CL0001738,20251219,235,6,1,1,13971.43,10992.67,9737.98,1
CL0001739,20250505,234,31,1,1,10395.99,4745.05,7923.3,1
CL0001740,20251115,294,58,1,1,2394.0,3933.7,6162.82,1
CL0001741,20261024,249,37,1,1,11460.09,6615.35,3378.34,1
CL0001742,20260406,249,16,1,1,3979.9,1124.79,5237.1,1
CL0001743,20250426,240,21,1,1,9119.18,6508.22,5750.42,1
CL0001744,20251012,234,2,2,1,12146.98,108.02,8753.14,1
CL0001745,20260129,284,32,2,1,8211.49,8724.66,8044.97,1
CL0001746,20250303,181,38,4,1,5131.93,2326.12,542.22,1
CL0001747,20260815,29,45,4,1,6229.06,10197.02,8634.88,1
CL0001748,20251207,269,1,2,1,805.71,514.48,8223.8,1
CL0001749,20261126,7,11,3,1,4555.2,2228.41,5743.06,1
CL0001750,20250722,1,24,2,1,1145.15,10964.38,5016.85,1
CL0001751,20250107,74,18,3,1,4102.33,598.34,4758.22,1
CL0001752,20251106,87,13,3,1,14723.73,7624.63,9777.2,1
CL0001753,20261225,141,54,2,1,1588.13,11729.99,8999.09,1
CL0001754,20251011,75,7,2,1,14961.75,8264.27,6192.7,1
CL0001755,20250703,43,39,1,1,9031.1,6168.1,7209.11,1
CL0001756,20260715,241,28,3,1,10674.53,1695.16,432.9,1
CL0001757,20260911,238,18,3,1,3240.82,2332.52,2576.36,1
CL0001758,20261218,4,24,2,1,4616.46,2956.68,6272.01,1
CL0001759,20250826,99,36,3,1,5084.94,11777.14,5798.82,1
CL0001760,20250525,292,27,4,1,8045.37,11156.35,4224.61,1
CL0001761,20250708,128,20,2,1,7947.37,7987.53,2595.23,1
CL0001762,20250713,66,55,2,1,8890.01,3546.39,7083.33,1
CL0001763,20250722,234,31,4,1,13291.1,11920.45,1825.22,1
CL0001764,20250222,159,56,4,1,1227.05,3490.79,9641.79,1
CL0001765,20250528,153,57,2,1,12271.91,4138.95,9896.93,1
CL0001766,20260819,25,36,2,1,12264.66,2213.3,3169.44,1
CL0001767,20250516,9,27,2,1,13891.82,1359.94,4050.32,1
CL0001768,20251025,42,32,2,1,1822.86,5851.34,9625.09,1
CL0001769,20260909,298,25,4,1,899.24,10832.79,1581.18,1
CL0001770,20250220,84,33,2,1,959.81,7655.43,1452.82,1
CL0001771,20251221,39,31,2,1,3099.98,4951.53,8209.41,1
CL0001772,20261009,210,30,4,1,10325.27,1293.46,1489.72,1
CL0001773,20260116,98,29,1,1,4468.58,5969.89,8244.19,1
CL0001774,20251225,11,15,3,1,3708.66,3194.82,175.79,1
CL0001775,20250607,36,10,4,1,13646.42,8504.24,3161.37,1
CL0001776,20261104,233,8,2,1,2568.41,1548.14,1800.46,1
CL0001777,20260209,109,55,4,1,8748.23,8110.65,4364.11,1
CL0001778,20250526,130,27,4,1,2119.31,6035.27,3532.36,1
CL0001779,20260617,9,37,2,1,7949.4,10055.63,7693.79,1
CL0001780,20251206,132,40,4,1,13080.82,5951.15,9235.97,1
CL0001781,20250321,243,45,3,1,8146.56,4388.08,5725.5,1
CL0001782,20250610,124,7,2,1,11083.49,4889.33,7941.64,1
CL0001783,20251119,133,1,4,1,4963.82,5528.85,4919.99,1
CL0001784,20260301,11,4,2,1,10277.42,6373.61,4091.9,1
CL0001785,20260902,182,10,4,1,8256.29,7798.22,1390.63,1
CL0001786,20261119,139,13,4,1,9650.85,6794.17,9858.69,1
CL0001787,20260408,141,59,3,1,5750.16,6848.7,3411.16,1
CL0001788,20260620,279,6,2,1,4992.24,9469.24,9848.82,1
CL0001789,20261111,206,12,3,1,9525.66,2984.99,964.22,1
CL0001790,20250917,197,4,4,1,6669.84,10670.26,8052.1,1
CL0001791,20250629,276,14,2,1,9191.06,6764.44,8343.55,1
CL0001792,20260204,169,31,1,1,3123.95,4683.76,978.95,1
CL0001793,20250721,280,33,3,1,4752.28,6743.71,8611.61,1
CL0001794,20250506,181,53,2,1,4189.42,5331.59,4368.45,1
CL0001795,20260302,36,33,4,1,1388.62,3623.15,5351.59,1
CL0001796,20251204,112,59,4,1,11088.98,4187.05,955.82,1
CL0001797,20261223,247,1,1,1,1434.79,992.67,4399.88,1
CL0001798,20260217,34,8,3,1,2998.57,9837.91,9330.34,1
CL0001799,20250926,6,49,4,1,9253.42,4234.81,8307.72,1
CL0001800,20261116,199,28,4,1,12381.13,7664.32,8061.26,1
